Time,Ball X,Ball Y,Ball Z
67.59844,0.8535932,0.9279073,-1.046887
67.60907,0.8667263,0.9155095,-1.062314
67.6204,0.8797111,0.9019442,-1.079476
67.63128,0.8696942,0.9011977,-1.086501
67.64299,0.8820854,0.8878883,-1.105374
67.65366,0.8940238,0.8759035,-1.125641
67.66483,0.9251738,0.8539224,-1.154635
67.67618,0.9096861,0.8595877,-1.165673
67.68726,0.9208521,0.8496437,-1.187144
67.69839,0.9451137,0.8309383,-1.215693
67.70973,0.9558154,0.8205471,-1.238537
67.72115,0.9655805,0.8116044,-1.26294
67.73245,0.9877549,0.7957038,-1.2909
67.74296,0.9980145,0.7847648,-1.31645
67.75436,1.006526,0.7787035,-1.343643
67.76552,1.008226,0.7806196,-1.36976
67.77663,1.023934,0.7724215,-1.400681
67.78796,1.028371,0.770646,-1.427354
67.80098,1.038434,0.7673844,-1.457008
67.80984,1.045827,0.7634903,-1.486636
67.82122,1.052735,0.7599392,-1.516316
67.83241,1.059189,0.7565051,-1.546783
67.84361,1.062429,0.7586226,-1.574827
67.85464,1.066772,0.7580603,-1.604788
67.86588,1.069508,0.7622449,-1.634487
67.87713,1.068648,0.7682588,-1.66151
67.88828,1.072493,0.7706363,-1.690996
67.89927,1.073819,0.77387,-1.719772
67.91074,1.076325,0.7770783,-1.748541
67.92177,1.07818,0.7802516,-1.776314
67.93307,1.078054,0.7848493,-1.804371
67.9445,1.078391,0.7906667,-1.831988
67.95542,1.077385,0.7979872,-1.857899
67.96649,1.077229,0.8062085,-1.885554
67.97765,1.076663,0.8141062,-1.911684
67.98885,1.075008,0.8221831,-1.937163
67.99998,1.069949,0.83162,-1.96204
68.01117,1.067206,0.8397591,-1.986846
68.0225,1.064632,0.8478249,-2.012133
68.03367,1.060321,0.8563426,-2.035599
68.04578,1.055162,0.8658834,-2.05758
68.05576,1.050991,0.8754785,-2.079255
68.06731,1.045837,0.8855484,-2.099711
68.07923,1.038624,0.896476,-2.118225
68.08989,1.033034,0.9069391,-2.136679
68.10138,1.027528,0.9168607,-2.155311
68.11236,1.019181,0.9273677,-2.171123
68.12359,1.012349,0.9373294,-2.186285
68.13472,1.005882,0.9470764,-2.202405
68.14587,0.995214,0.9581071,-2.214021
68.15701,0.9873949,0.9682057,-2.226734
68.16817,0.9791243,0.9781523,-2.238235
68.17966,0.9654182,0.9906193,-2.245876
68.19061,0.9563705,0.9997951,-2.254781
68.20272,0.9478573,1.008665,-2.26493
68.21313,0.9354558,1.018248,-2.27088
68.22394,0.9261066,1.026044,-2.278579
68.2351,0.9166417,1.033558,-2.286073
68.24667,0.9041886,1.040363,-2.28935
68.25745,0.8947464,1.046841,-2.295826
68.26854,0.8848143,1.051911,-2.300512
68.27972,0.8732631,1.057349,-2.3041
68.29166,0.8635218,1.060454,-2.307061
68.30331,0.8537784,1.063957,-2.310652
68.31383,0.8420112,1.066323,-2.312086
68.32462,0.8317988,1.067747,-2.313026
68.33559,0.8224779,1.067249,-2.316146
68.34715,0.8109902,1.067257,-2.315945
68.35843,0.8019103,1.06565,-2.317721
68.36893,0.7917435,1.063752,-2.317234
68.38057,0.7801276,1.061924,-2.314931
68.39162,0.7703047,1.058704,-2.313303
68.40282,0.7608157,1.053931,-2.312884
68.41367,0.7498916,1.050278,-2.308694
68.42562,0.7421356,1.045257,-2.30841
68.43602,0.7307472,1.040503,-2.302202
68.4472,0.7207592,1.035155,-2.295897
68.45907,0.7126176,1.029032,-2.29227
68.46974,0.7017994,1.022725,-2.28352
68.48064,0.6924329,1.015888,-2.274644
68.49214,0.6839998,1.008469,-2.26641
68.50426,0.6743649,1.001248,-2.256371
68.51416,0.665221,0.993735,-2.244529
68.52528,0.6570065,0.9849255,-2.233182
68.53652,0.6484252,0.9760311,-2.220129
68.5479,0.6397161,0.9669429,-2.206171
68.55904,0.5906732,0.9823573,-2.168289
68.57009,0.5835945,0.9730126,-2.15299
68.58196,0.5771406,0.9621621,-2.134511
68.59229,0.5705461,0.9515891,-2.118093
68.6039,0.5641432,0.9403073,-2.101443
68.61481,0.5579724,0.9289134,-2.080669
68.62604,0.5527819,0.9179488,-2.061396
68.63784,0.5477549,0.9069793,-2.04147
68.64835,0.5414597,0.8964809,-2.018517
68.65982,0.537557,0.8862382,-1.996704
68.67165,0.5338523,0.8758063,-1.973983
68.68179,0.5291454,0.8671672,-1.946508
68.69368,0.5270528,0.8591228,-1.921124
68.7044,0.5244444,0.8499414,-1.896616
68.71543,0.5218595,0.8424125,-1.870352
68.72688,0.5225982,0.8362423,-1.840554
68.73791,0.5225886,0.829519,-1.812084
68.74882,0.5239685,0.8242683,-1.782124
68.75992,0.5260749,0.8198229,-1.751531
68.77107,0.5288796,0.8161043,-1.720282
68.78239,0.5315761,0.8121314,-1.68929
68.79353,0.5362099,0.8098917,-1.656976
68.80565,0.5400847,0.806923,-1.625252
68.81602,0.5452236,0.8052155,-1.59279
68.82727,0.5507823,0.8038547,-1.560361
68.83863,0.5563219,0.802297,-1.527913
68.84954,0.5631174,0.8020473,-1.495088
68.86044,0.570581,0.8025973,-1.461976
68.87159,0.5786543,0.8037952,-1.428789
68.8833,0.5866485,0.8049821,-1.395852
68.89407,0.5965741,0.808821,-1.362913
68.90501,0.6057627,0.811821,-1.330201
68.91666,0.5785164,0.8208647,-1.287144
68.92806,0.5856016,0.8433429,-1.265151
68.9389,0.5948511,0.8508317,-1.233603
68.94996,0.6034248,0.859885,-1.20061
68.96109,0.6130036,0.8696406,-1.168967
68.97238,0.609055,0.839937,-1.218292
68.98337,0.6184176,0.8485147,-1.191128
68.99474,0.6285936,0.8619788,-1.164637
69.00645,0.6388704,0.8704805,-1.13966
69.01707,0.6479726,0.8813697,-1.114062
69.02808,0.6576488,0.8891088,-1.096241
69.03952,0.668611,0.8979728,-1.073312
69.0508,0.6774664,0.9074838,-1.053123
69.06227,0.6871244,0.9137552,-1.041697
69.07282,0.6986406,0.9232652,-1.022388
69.08408,0.7081863,0.9311925,-1.007862
69.09575,0.7183298,0.9377922,-0.9973552
69.1062,0.7301757,0.9474634,-0.9818363
69.11755,0.7404213,0.9556348,-0.9708357
69.12909,0.7511826,0.9631845,-0.9642665
69.13993,0.7632102,0.9729819,-0.9525607
69.15119,0.773487,0.9812309,-0.9431143
69.16228,0.7843438,0.9886714,-0.9391241
69.17356,0.7964167,0.9980054,-0.9319499
69.1847,0.8067226,1.00621,-0.9251022
69.19597,0.816604,1.013993,-0.9248505
69.20708,0.8198497,0.9963619,-0.9189095
69.21801,0.8266553,0.9893531,-0.9369311
69.22945,0.8310607,0.9846168,-0.9464242
69.24075,0.830254,0.9854321,-0.9320879
69.2516,0.8322402,0.9899025,-0.9301603
69.26283,0.835859,0.9913226,-0.9357641
69.27406,0.8384475,0.9953095,-0.9270651
69.28511,0.8381348,1.00216,-0.916899
69.29625,0.8363783,1.006082,-0.9158275
69.3083,0.8359808,1.008159,-0.9100952
69.3187,0.8340976,1.013049,-0.9036028
69.32973,0.8330019,1.013697,-0.903609
69.34145,0.8325456,1.015284,-0.9012477
69.35239,0.8300518,1.018468,-0.8974047
69.36337,0.8284589,1.01885,-0.8980877
69.37474,0.827333,1.020784,-0.8959067
69.38548,0.8244185,1.02379,-0.8935366
69.39712,0.8229317,1.025641,-0.8914092
69.40813,0.8198288,1.02784,-0.8893352
69.4192,0.8183016,1.030307,-0.8882599
69.43023,0.8168043,1.032442,-0.8866694
69.44141,0.8141912,1.034204,-0.8842933
69.45304,0.8122977,1.036082,-0.8821073
69.46481,0.810225,1.038415,-0.881043
69.47514,0.8079278,1.040048,-0.8788371
69.48609,0.8039389,1.041673,-0.8767648
69.49738,0.8012457,1.043748,-0.8756652
69.50931,0.7969479,1.045417,-0.87376
69.51915,0.7936895,1.047305,-0.8727167
69.53072,0.7905553,1.048935,-0.870713
69.54158,0.7854733,1.050298,-0.8688502
69.55272,0.7816727,1.051648,-0.8668759
69.56509,0.7775298,1.053641,-0.86604
69.5752,0.7736814,1.055063,-0.864238
69.58605,0.7677253,1.056198,-0.8623803
69.59743,0.7632002,1.05784,-0.8616712
69.60841,0.7568533,1.058969,-0.8600585
70.21206,0.9830299,0.9473047,-1.02226
70.22353,0.9936524,0.9364963,-1.03991
70.23442,1.004055,0.9277055,-1.05497
70.24572,1.012908,0.9161128,-1.077631
70.25742,1.022259,0.9064422,-1.097711
70.2679,1.02853,0.8791015,-1.15786
70.2789,1.036705,0.8716444,-1.176934
70.2898,1.043896,0.8643509,-1.200809
70.30273,1.051077,0.8566614,-1.22388
70.31351,1.057716,0.8500663,-1.244553
70.32352,1.063854,0.8456776,-1.269456
70.33506,1.069442,0.8370478,-1.297696
70.34698,1.073921,0.8312413,-1.321837
70.35704,1.078436,0.8289031,-1.34819
70.36812,1.081517,0.8230807,-1.378341
70.37996,1.083394,0.8208188,-1.403832
70.39027,1.086075,0.8199319,-1.430279
70.40192,1.087476,0.816406,-1.46001
70.41307,1.088485,0.8150605,-1.486117
70.42387,1.090071,0.8140596,-1.513001
70.43568,1.090081,0.8107755,-1.542783
70.44624,1.089611,0.8102474,-1.568665
70.45719,1.089381,0.8103685,-1.595766
70.46883,1.088281,0.8088595,-1.624284
70.4798,1.086043,0.8102598,-1.650584
70.4913,1.083704,0.8125626,-1.677516
70.50233,1.080527,0.8146014,-1.70565
70.51335,1.076624,0.8162091,-1.731573
70.52456,1.071645,0.8207135,-1.758384
70.53582,1.066988,0.8228782,-1.786533
70.54716,1.060702,0.8267889,-1.811074
70.55789,1.053866,0.8327653,-1.836664
70.56908,1.047625,0.8375745,-1.861331
70.58037,1.038558,0.8448074,-1.883501
70.59166,1.031201,0.8507307,-1.908725
70.60291,1.023499,0.8575047,-1.931006
70.61455,1.013631,0.8636833,-1.952835
70.62561,1.004905,0.8712488,-1.974102
70.63626,0.995278,0.8787972,-1.994054
70.64737,0.9850323,0.886868,-2.012952
70.65852,0.9751714,0.8953569,-2.031534
70.66972,0.9649249,0.9040114,-2.049047
70.68073,0.9532645,0.9129784,-2.064997
70.69202,0.9418157,0.9216449,-2.080098
70.70315,0.9307681,0.9304729,-2.095858
70.71439,0.9176505,0.93979,-2.108489
70.72582,0.9060708,0.9487672,-2.122822
70.73682,0.8937018,0.9577628,-2.133864
70.74825,0.8793777,0.9667484,-2.144105
70.75943,0.8669662,0.9751495,-2.154402
70.77009,0.854972,0.9836541,-2.165555
70.78189,0.8410876,0.9919374,-2.174682
70.7927,0.8284875,0.9987777,-2.18016
70.80384,0.8161197,1.006099,-2.186985
70.81619,0.8020515,1.013401,-2.193471
70.8261,0.7895644,1.019354,-2.198414
70.83739,0.7770897,1.025879,-2.203689
70.84845,0.7626516,1.031756,-2.206431
70.85938,0.750239,1.036174,-2.208583
70.8706,0.7377038,1.040807,-2.210574
70.88184,0.7241231,1.045008,-2.211283
70.89297,0.7117782,1.047797,-2.210842
70.90452,0.6992782,1.051376,-2.211344
70.91563,0.6862601,1.053345,-2.209278
70.927,0.6741852,1.055163,-2.20685
70.93777,0.6621939,1.056841,-2.203757
70.94915,0.6494796,1.058149,-2.199749
70.96006,0.6379809,1.058181,-2.192983
70.97138,0.6263824,1.05912,-2.18801
70.98258,0.6135772,1.059287,-2.180901
70.99347,0.602731,1.058445,-2.171783
71.00514,0.5917424,1.058094,-2.16421
71.01598,0.5804151,1.056776,-2.154913
71.02769,0.5704554,1.054699,-2.14323
71.03854,0.5606252,1.052501,-2.132217
71.04958,0.5502115,1.049741,-2.120708
71.0609,0.5411979,1.04615,-2.105771
71.07172,0.5321649,1.042578,-2.092342
71.08299,0.5227237,1.038376,-2.078855
71.09524,0.5138416,1.034623,-2.064569
71.10618,0.5057283,1.029622,-2.049042
71.11632,0.4968851,1.024431,-2.03463
71.1278,0.4903486,1.017231,-2.014968
71.1386,0.4829379,1.011272,-1.998273
71.14999,0.4755979,1.004128,-1.981171
71.161,0.4694279,0.9969299,-1.961855
71.17261,0.4636134,0.9896441,-1.942157
71.18342,0.4571917,0.9823232,-1.923576
71.19458,0.4528019,0.9750679,-1.900746
71.20576,0.4488177,0.9679595,-1.878615
71.21722,0.4448687,0.9610527,-1.856563
71.22845,0.4422695,0.9544042,-1.832802
71.23933,0.4411464,0.9483119,-1.807393
71.25089,0.4393279,0.9421204,-1.782814
71.26192,0.4389567,0.9364398,-1.756837
71.27264,0.4393144,0.9311361,-1.730139
71.28398,0.4396053,0.9258585,-1.703609
71.29539,0.4413363,0.9212384,-1.67585
71.30642,0.4437655,0.9169116,-1.647706
71.31903,0.4468136,0.9128772,-1.618828
71.32928,0.4505857,0.9092079,-1.589662
71.3399,0.4550703,0.9058828,-1.560302
71.35214,0.4594432,0.902528,-1.531217
71.36211,0.4652652,0.8998401,-1.501179
71.37347,0.4717597,0.8975278,-1.47101
71.38454,0.478889,0.8954459,-1.440668
71.39644,0.4859249,0.8933625,-1.410526
71.4069,0.4943884,0.892019,-1.379912
71.41843,0.5034178,0.8912565,-1.34958
71.42965,0.5124808,0.8904521,-1.318892
71.44054,0.5228845,0.8907721,-1.28834
71.45219,0.5346695,0.8924724,-1.25787
71.46383,0.5010169,0.8335778,-1.427791
71.47409,0.5030563,0.8209074,-1.399535
71.48501,0.5144182,0.8229493,-1.373008
71.49696,0.5264109,0.8256865,-1.34671
71.50794,0.5381067,0.8283392,-1.32103
71.51868,0.5510139,0.8323375,-1.295826
71.53078,0.5540636,0.846756,-1.280916
71.54137,0.5613217,0.8462658,-1.25463
71.55288,0.5739862,0.8508052,-1.231419
71.564,0.5856032,0.8577197,-1.213182
71.575,0.6160972,0.8521396,-1.199724
71.58607,0.6318721,0.8556615,-1.176498
71.59765,0.6458518,0.8606247,-1.159033
71.60858,0.6608863,0.866444,-1.140619
71.62035,0.6758422,0.871756,-1.121552
71.63104,0.6913874,0.8783354,-1.107077
71.64228,0.7071547,0.8844776,-1.090159
71.65375,0.7223258,0.8909453,-1.074765
71.6643,0.7376765,0.8977116,-1.062842
71.67574,0.7537626,0.9051977,-1.048112
71.68713,0.7691291,0.9127949,-1.036062
71.69823,0.7846013,0.9200238,-1.024541
71.70969,0.8000261,0.9286617,-1.01446
71.72025,0.8130192,0.9408121,-1.008658
71.73174,0.8243032,0.9510556,-1.003793
71.74238,0.83533,0.9581945,-0.9975431
71.75381,0.8442289,0.9670094,-0.9920089
71.76508,0.8542185,0.9727793,-0.9853084
71.7764,0.8563532,0.9745132,-0.9867728
71.78725,0.8597903,0.9776484,-0.9825239
71.79855,0.8583147,0.9715223,-0.9860122
71.80976,0.8583915,0.9686183,-0.9806156
71.82222,0.8567277,0.9624681,-0.9790344
71.83257,0.8537874,0.9581704,-0.9827917
71.84402,0.8519894,0.9554863,-0.9798796
71.85402,0.8471848,0.9536965,-0.9751103
71.86725,0.8455114,0.950411,-0.9756653
71.87659,0.8417867,0.9501635,-0.9709868
71.88755,0.8388886,0.9501337,-0.9693844
71.89918,0.8371124,0.9512806,-0.9681234
71.91045,0.8349003,0.9521159,-0.9639235
71.92107,0.8331347,0.9536171,-0.9609458
71.93254,0.8323654,0.9559577,-0.95824
71.94353,0.8319931,0.9588807,-0.9558632
71.95526,0.8303377,0.9616815,-0.9549553
71.9661,0.8285562,0.9642549,-0.9510026
71.97699,0.827196,0.9680694,-0.9492123
71.98847,0.824339,0.9719715,-0.9484355
71.99967,0.8214413,0.9762305,-0.944797
72.013,0.818667,0.9808406,-0.942719
72.02152,0.815641,0.9842018,-0.9413373
72.03282,0.8118761,0.9875056,-0.9384978
72.04436,0.8084992,0.9915987,-0.93641
72.05508,0.8052375,0.9951365,-0.9348505
72.06634,0.8022866,0.998421,-0.9320011
72.07742,0.7998239,1.001368,-0.9282856
72.08884,0.7971207,1.004287,-0.9250312
72.09999,0.7949048,1.006481,-0.9215477
72.11148,0.7923526,1.007446,-0.9184628
72.12257,0.7900494,1.008379,-0.9151378
72.13344,0.7886504,1.009294,-0.9121964
72.14479,0.7874882,1.009594,-0.9100361
72.15598,0.7863621,1.009697,-0.907542
72.16698,0.7857936,1.009906,-0.9058251
72.17934,0.784998,1.010842,-0.9044499
72.18953,0.7843216,1.011451,-0.9042656
72.20059,0.7834218,1.012101,-0.9026718
72.21221,0.7820456,1.01264,-0.9023614
72.22321,0.7806939,1.013203,-0.9018776
72.23405,0.7793632,1.01337,-0.9005766
72.24615,0.7776391,1.01339,-0.8995547
72.2562,0.7765902,1.014206,-0.8991022
72.26798,0.7760019,1.015785,-0.8978589
72.27898,0.7743636,1.016544,-0.8959124
72.28991,0.7734903,1.017568,-0.8940995
72.30154,0.7727484,1.018767,-0.8931491
72.31312,0.7714289,1.019989,-0.8926301
72.32616,0.7707257,1.021438,-0.8926938
72.33446,0.7703743,1.0228,-0.8919756
72.34601,0.7693672,1.023752,-0.8917563
72.35667,0.7688712,1.025174,-0.8910768
72.368,0.7687786,1.026681,-0.8906848
77.37271,1.013182,0.9806441,-1.030728
77.38355,1.025589,0.9733354,-1.045937
77.3957,1.037588,0.9633154,-1.065642
77.40673,1.048156,0.9525388,-1.083489
77.41805,1.061063,0.9427696,-1.10078
77.42867,1.071741,0.9328318,-1.119239
77.43979,1.08242,0.9215927,-1.138004
77.45088,1.092885,0.9107093,-1.157458
77.46205,1.101956,0.9001212,-1.17749
77.47353,1.10859,0.889269,-1.200562
77.48421,1.117595,0.8805896,-1.222809
77.49577,1.124922,0.8720504,-1.246051
77.50665,1.129726,0.8647736,-1.270772
77.51763,1.134911,0.8598205,-1.296092
77.53055,1.138747,0.8534471,-1.321796
77.54025,1.141935,0.8472663,-1.347231
77.5513,1.145122,0.8427944,-1.37398
77.56273,1.146505,0.8382252,-1.401195
77.57383,1.147295,0.8345473,-1.428183
77.58464,1.146509,0.8339661,-1.455985
77.59673,1.146394,0.8316034,-1.483747
77.60704,1.144846,0.8306872,-1.511441
77.61826,1.142689,0.8305355,-1.538904
77.62983,1.140307,0.8286936,-1.566826
77.64082,1.137637,0.8279761,-1.593872
77.65192,1.134344,0.8277953,-1.621277
77.66322,1.130362,0.8277419,-1.648491
77.67429,1.125748,0.8270006,-1.676071
77.6851,1.120416,0.8289492,-1.703053
77.69696,1.114663,0.8301762,-1.729872
77.70774,1.107456,0.8316855,-1.75727
77.71932,1.099443,0.835068,-1.783302
77.73087,1.090685,0.8379104,-1.809988
77.74156,1.081204,0.8415402,-1.835402
77.75259,1.070606,0.8466616,-1.860025
77.76366,1.059913,0.8516934,-1.884505
77.77499,1.049291,0.8567655,-1.908312
77.78594,1.037016,0.8635964,-1.930643
77.79736,1.025475,0.8694873,-1.953833
77.8085,1.013257,0.8757794,-1.97532
77.81969,1.000069,0.8822066,-1.995405
77.83044,0.9870613,0.8886348,-2.015901
77.84191,0.9744117,0.8947033,-2.035706
77.8547,0.9602996,0.9012579,-2.053577
77.86465,0.946696,0.9081873,-2.071101
77.87547,0.9326236,0.9152108,-2.087705
77.88683,0.917786,0.9222435,-2.102963
77.8981,0.9034127,0.9291558,-2.119158
77.90904,0.8877102,0.9367547,-2.132451
77.91994,0.8722572,0.9444307,-2.144986
77.93132,0.8568124,0.9521348,-2.15746
77.94225,0.8405545,0.9603961,-2.167452
77.95348,0.8244467,0.9689819,-2.176339
77.96468,0.8083696,0.9773787,-2.183989
77.97588,0.7914233,0.9862055,-2.190387
77.98705,0.7755471,0.9943492,-2.195812
77.99809,0.759704,1.002635,-2.201658
78.00934,0.7434746,1.010517,-2.205436
78.02058,0.7277361,1.017828,-2.208917
78.03181,0.7121171,1.024079,-2.211423
78.043,0.6961279,1.030755,-2.214117
78.05433,0.6808068,1.035325,-2.214388
78.06526,0.6654905,1.040902,-2.217388
78.07624,0.6500731,1.04519,-2.217273
78.08786,0.6350338,1.047864,-2.216525
78.09891,0.6195168,1.050114,-2.218002
78.10978,0.6036906,1.052812,-2.216748
78.12121,0.5890449,1.053039,-2.214316
78.13225,0.5737357,1.053266,-2.213917
78.14364,0.5591496,1.053541,-2.211707
78.15524,0.5449611,1.051823,-2.207393
78.166,0.530202,1.05033,-2.205211
78.17744,0.5165522,1.048167,-2.199967
78.18827,0.5034399,1.045937,-2.192709
78.19948,0.4892761,1.043928,-2.188298
78.211,0.4774508,1.041963,-2.179815
78.22146,0.4657645,1.039383,-2.169583
78.23315,0.4535788,1.036722,-2.16129
78.24401,0.4428603,1.034424,-2.151135
78.255,0.4325949,1.031164,-2.139479
78.26632,0.4229888,1.028234,-2.126074
78.27735,0.4145086,1.024799,-2.11249
78.28919,0.4061548,1.020052,-2.096391
78.29993,0.3977506,1.016332,-2.082096
78.31101,0.3898079,1.01208,-2.067122
78.32234,0.3826217,1.006528,-2.050423
78.33409,0.3757265,1.000943,-2.033219
78.34508,0.369278,0.9947655,-2.015651
78.35771,0.3632225,0.9878526,-1.997545
78.36677,0.3570316,0.9810203,-1.979557
78.37836,0.3512916,0.973754,-1.961254
78.38923,0.3470963,0.9649396,-1.941248
78.40181,0.3423504,0.9567885,-1.922009
78.41233,0.3391359,0.9472182,-1.900789
78.42297,0.3357269,0.9387784,-1.880863
78.43469,0.3336387,0.9299557,-1.85937
78.44506,0.3316271,0.9214704,-1.837927
78.45618,0.3322992,0.9133698,-1.814588
78.46764,0.3322315,0.9055773,-1.791873
78.47868,0.3341137,0.8986087,-1.76793
78.49009,0.3370172,0.8922353,-1.743537
78.50095,0.3409455,0.8866004,-1.71892
78.51253,0.3458362,0.8814472,-1.693658
78.52315,0.3515986,0.876778,-1.668286
78.53421,0.3581751,0.8724742,-1.642648
78.54578,0.3646374,0.8680868,-1.617231
78.55663,0.372807,0.86461,-1.59138
78.56771,0.3817403,0.8614765,-1.565586
78.57928,0.3905618,0.8582029,-1.539761
78.59026,0.4009942,0.8556933,-1.513779
78.60197,0.4121242,0.8535056,-1.488032
78.61293,0.4238873,0.8515098,-1.462381
78.62355,0.4362928,0.8497549,-1.436815
78.63561,0.4495106,0.8481282,-1.410825
78.64625,0.4621121,0.8464971,-1.386048
78.65732,0.4763077,0.8454777,-1.360977
78.66884,0.4910728,0.8450809,-1.336453
78.67936,0.5066286,0.8452326,-1.311945
78.69067,0.5112869,0.8473375,-1.330135
78.70174,0.5270032,0.8486327,-1.307642
78.71347,0.5315108,0.8339247,-1.283437
78.72414,0.5485653,0.8371402,-1.262529
78.73557,0.5642742,0.8406411,-1.242353
78.74697,0.5902328,0.8402123,-1.226925
78.75758,0.6085119,0.8448756,-1.209303
78.76889,0.6267573,0.8492815,-1.190667
78.78036,0.6462927,0.8549119,-1.174267
78.79153,0.6654199,0.8605156,-1.158033
78.80268,0.6842005,0.8655908,-1.142335
78.81354,0.7030219,0.8712442,-1.127146
78.82481,0.7224046,0.8771664,-1.11306
78.83593,0.7417672,0.8827194,-1.099237
78.84707,0.7604095,0.8886365,-1.086291
78.85992,0.7798344,0.8947085,-1.074355
78.87012,0.7993834,0.9006001,-1.063692
78.88092,0.8186136,0.9066215,-1.053561
78.89147,0.838029,0.9133345,-1.043675
78.90326,0.8557545,0.9249231,-1.04018
78.91413,0.8724405,0.9341331,-1.035562
78.92513,0.8876198,0.9447565,-1.033369
78.93719,0.9022968,0.9536575,-1.030865
78.94769,0.9168578,0.962427,-1.02825
78.95881,0.927421,0.9726154,-1.030241
78.96993,0.9370512,0.9838465,-1.033025
78.98141,0.9420431,0.99493,-1.035166
78.99231,0.9504098,1.004958,-1.038521
79.00365,0.9572397,1.012812,-1.042466
79.0144,0.9612425,1.020152,-1.046465
79.02585,0.964817,1.026262,-1.052661
79.03722,0.9682764,1.032374,-1.056978
79.04811,0.9673075,1.036661,-1.061757
79.05961,0.965544,1.039721,-1.066283
79.07026,0.9631425,1.04056,-1.071163
79.08169,0.9609676,1.040125,-1.074634
79.09297,0.9582014,1.039146,-1.077354
79.10545,0.9558628,1.037815,-1.080199
79.11524,0.9516566,1.03382,-1.081614
79.12614,0.9458053,1.030254,-1.083277
79.13744,0.9405792,1.026676,-1.08464
79.14877,0.9330686,1.021296,-1.084484
79.1601,0.9255854,1.015094,-1.084913
79.17116,0.9175716,1.00828,-1.083733
79.18256,0.9081685,1.000759,-1.081151
79.19346,0.8996332,0.9925076,-1.077214
79.20762,0.891817,0.9856248,-1.073274
79.21543,0.8828021,0.9779595,-1.064913
79.22671,0.8730152,0.9706029,-1.056108
79.23826,0.8637279,0.9651685,-1.047339
79.25003,0.8508202,0.9598062,-1.034924
79.26039,0.8381873,0.9553714,-1.025433
79.27148,0.8283597,0.9554429,-1.011813
79.28245,0.8191906,0.954728,-0.999284
79.29385,0.8097097,0.9538517,-0.9866707
79.30528,0.799396,0.9544625,-0.9733956
79.31648,0.7897754,0.9595135,-0.9621754
79.32746,0.7791521,0.9702699,-0.9558654
79.33842,0.770815,0.9765909,-0.9468999
79.34972,0.7627523,0.9830605,-0.938026
79.36254,0.7544706,0.9903352,-0.9308302
79.37241,0.7465834,0.9978817,-0.9259102
79.38305,0.7375105,1.007225,-0.9242046
79.39457,0.7280163,1.013686,-0.9224746
79.40551,0.7191431,1.014402,-0.9171817
79.4184,0.7202008,1.020688,-0.9267309
79.4279,0.7134977,1.027967,-0.9260364
79.43905,0.7091171,1.031094,-0.9249604
79.45,0.7101331,1.032003,-0.9283307
79.46136,0.7029971,1.032119,-0.9276206
79.47409,0.6926522,1.028418,-0.9243085
79.48356,0.6873558,1.023002,-0.9224832
79.49521,0.6820946,1.018673,-0.9227302
79.50688,0.6780939,1.015751,-0.9234524
79.51707,0.6756439,1.013058,-0.9239295
79.529,0.6720537,1.011215,-0.9246893
79.53955,0.6692134,1.009747,-0.92472
79.55225,0.6677442,1.007778,-0.924114
79.56173,0.6671612,1.007224,-0.9245832
79.57341,0.6667214,1.007132,-0.9255261
79.58424,0.6671446,1.007653,-0.9238372
79.59527,0.6673798,1.00939,-0.9210064
79.60664,0.6666175,1.011014,-0.9198232
79.61783,0.6610141,1.012884,-0.9167542
79.62926,0.6565796,1.014776,-0.917155
79.64031,0.6519457,1.015505,-0.9172537
79.6527,0.6494716,1.017132,-0.917115
79.66307,0.6485615,1.019807,-0.9173939
79.67377,0.6470436,1.022639,-0.917484
79.68572,0.6434919,1.025196,-0.9169285
79.69592,0.6417859,1.027617,-0.917079
79.70721,0.6402031,1.029952,-0.9173045
79.71831,0.6391012,1.032249,-0.9174802
79.72975,0.6381723,1.034234,-0.9176183
79.74071,0.6371372,1.036077,-0.9177246
79.75189,0.6359829,1.037901,-0.9177842
79.76308,0.6357121,1.04069,-0.9144626
79.77481,0.6345468,1.041926,-0.9145932
82.13139,1.288428,1.11966,-1.013806
82.14286,1.316073,1.129985,-1.034695
82.15393,1.338557,1.13704,-1.059886
82.16498,1.362388,1.146835,-1.084006
82.17648,1.384568,1.156811,-1.107637
82.18721,1.403224,1.167829,-1.134227
82.1983,1.421011,1.167281,-1.182737
82.20971,1.441219,1.172987,-1.21149
82.2211,1.458932,1.181366,-1.240837
82.23183,1.475597,1.186601,-1.270843
82.24396,1.49213,1.19098,-1.301335
82.25433,1.508483,1.196788,-1.330316
82.26588,1.523378,1.199133,-1.361222
82.27653,1.538054,1.201844,-1.391113
82.28992,1.551566,1.204333,-1.421815
82.2991,1.563583,1.205766,-1.452705
82.31008,1.574944,1.20734,-1.48335
82.32124,1.582754,1.208143,-1.515263
82.33337,1.588376,1.20904,-1.54661
82.34396,1.592256,1.209377,-1.578027
82.35481,1.59592,1.210837,-1.610362
82.36597,1.595457,1.210603,-1.641885
82.37822,1.594445,1.21018,-1.673924
82.38848,1.590314,1.210852,-1.706064
82.39958,1.586583,1.210575,-1.736043
82.41106,1.577415,1.209707,-1.766818
82.42178,1.571679,1.210837,-1.798037
82.43296,1.557275,1.210622,-1.825776
82.44437,1.544281,1.20983,-1.854656
82.45584,1.529119,1.210199,-1.883115
82.46662,1.512285,1.209642,-1.90893
82.47775,1.495776,1.208834,-1.935657
82.48886,1.477715,1.208647,-1.962459
82.49987,1.453656,1.206873,-1.985672
82.51119,1.430335,1.205143,-2.009326
82.52245,1.40777,1.203781,-2.03411
82.53458,1.383378,1.199887,-2.057019
82.5446,1.359922,1.195325,-2.079973
82.55584,1.334667,1.1904,-2.102692
82.56713,1.309604,1.185133,-2.12403
82.5782,1.284061,1.178778,-2.145018
82.58941,1.257,1.171352,-2.164659
82.60053,1.229448,1.16379,-2.183467
82.61168,1.201842,1.155127,-2.202143
82.62286,1.173766,1.147241,-2.220654
82.63419,1.144462,1.13838,-2.235831
82.64548,1.115101,1.129799,-2.251541
82.65648,1.083367,1.120404,-2.263004
82.66765,1.052856,1.111455,-2.276988
82.67936,1.021902,1.101296,-2.288142
82.69215,0.9889035,1.092514,-2.295823
82.7009,0.9554632,1.084753,-2.30181
82.71217,0.922478,1.076397,-2.306214
82.72407,0.8885577,1.069635,-2.309817
82.73464,0.8526362,1.064004,-2.307487
82.74606,0.8182775,1.058031,-2.304693
82.75706,0.7825373,1.053187,-2.299616
82.76823,0.7472894,1.049744,-2.289956
82.77982,0.7128232,1.045502,-2.282845
82.79031,0.6777085,1.04311,-2.270617
82.80239,0.6428301,1.04108,-2.256581
82.813,0.6091176,1.038437,-2.243986
82.82398,0.575281,1.036427,-2.225764
82.83526,0.5419016,1.034459,-2.209922
82.84804,0.5094194,1.032749,-2.19082
82.85803,0.4769332,1.031523,-2.170301
82.86903,0.4446637,1.029767,-2.150441
82.88136,0.4144711,1.027853,-2.128267
82.8913,0.3845348,1.026733,-2.102454
82.90204,0.354522,1.025546,-2.078715
82.91341,0.3259754,1.02344,-2.053418
82.92461,0.2981348,1.021912,-2.026411
82.93573,0.2712551,1.021346,-1.997893
82.94724,0.2450588,1.020594,-1.970331
82.95791,0.2216754,1.019515,-1.939565
82.96909,0.1973143,1.018655,-1.91054
82.98046,0.17611,1.018929,-1.879217
82.99107,0.1559558,1.019233,-1.847357
83.00299,0.1357629,1.019641,-1.816149
83.01387,0.1188301,1.02144,-1.782642
83.02505,0.1042199,1.023906,-1.74882
83.03649,0.09177661,1.027153,-1.714711
83.04768,0.07880545,1.030329,-1.680912
83.05846,0.07027185,1.035244,-1.64578
83.06956,0.06418884,1.041257,-1.610679
83.08076,0.05930138,1.047349,-1.575642
83.09161,0.05688727,1.054418,-1.540757
83.1031,0.05407798,1.061424,-1.50597
83.11447,0.05864549,1.06736,-1.47378
83.12641,0.0639081,1.071594,-1.436896
83.13644,0.06780446,1.078749,-1.403173
83.14783,0.07419348,1.08588,-1.369935
83.15913,0.07937551,1.092173,-1.335522
83.17092,0.08751392,1.099077,-1.302983
83.18147,0.09807837,1.106004,-1.271578
83.1932,0.1079315,1.11223,-1.238325
83.20454,0.1205785,1.119057,-1.207197
83.21475,0.1353699,1.125441,-1.178535
83.22594,0.1517,1.133322,-1.147282
83.23728,0.1688446,1.14083,-1.119289
83.24844,0.1879687,1.147581,-1.093334
83.25968,0.2068496,1.154412,-1.065828
83.27069,0.2270215,1.160247,-1.041109
83.28165,0.2473078,1.164636,-1.016477
83.29324,0.2672565,1.169125,-0.9913151
83.30421,0.2892944,1.171776,-0.9685767
83.31502,0.3109216,1.175455,-0.9454978
83.32723,0.3341185,1.178331,-0.9242415
83.33764,0.3576638,1.179804,-0.9038074
83.34908,0.3820658,1.181549,-0.8844969
83.36005,0.4066058,1.183534,-0.8653848
83.37148,0.4339119,1.185465,-0.8514097
83.38403,0.4607372,1.187666,-0.8369617
83.39455,0.4887543,1.189931,-0.8255854
83.40463,0.516224,1.191059,-0.8146493
83.41589,0.5443975,1.191417,-0.805274
83.4269,0.5723526,1.192381,-0.7960532
83.43832,0.6014637,1.192618,-0.790072
83.44939,0.6315806,1.193349,-0.7860651
83.461,0.6609449,1.193923,-0.782418
83.47195,0.6916137,1.193391,-0.7824631
83.48299,0.7214603,1.192139,-0.7802081
83.49405,0.7495584,1.190878,-0.7796147
83.50514,0.7789194,1.190435,-0.7761598
83.51729,0.7758197,1.19925,-0.8064001
83.52761,0.7880189,1.169911,-0.815093
83.5388,0.8067564,1.170335,-0.8189466
83.55051,0.8256984,1.166729,-0.8254664
83.56091,0.8396288,1.165699,-0.8380797
83.57261,0.8589054,1.160193,-0.8451881
83.58337,0.8736944,1.166282,-0.8487387
83.59505,0.8878773,1.162667,-0.8585196
83.60601,0.9047334,1.162012,-0.8629858
83.61716,0.9253299,1.153503,-0.8713684
83.62846,0.9416537,1.147021,-0.8823993
83.63916,0.9588264,1.142286,-0.8878155
83.6505,0.9799007,1.129345,-0.8957145
83.66156,0.9980365,1.115485,-0.9054918
83.67278,1.018769,1.10182,-0.9147031
83.68389,1.040397,1.100765,-0.9205134
83.69508,1.06746,1.093542,-0.9179864
83.70625,1.088175,1.083508,-0.9237487
83.71754,0.8117889,1.203712,-0.8271537
83.72873,0.8250021,1.194179,-0.8289962
83.73972,0.8383125,1.183993,-0.8322387
83.7512,0.8393084,1.180921,-0.824266
83.76233,0.8514097,1.168208,-0.827431
83.77329,0.8638246,1.1562,-0.8307056
83.78454,0.8636447,1.149735,-0.8282313
83.79665,0.8771576,1.145485,-0.8356612
83.80693,0.8900746,1.1364,-0.8412137
83.81843,0.8932419,1.127107,-0.8441315
83.83025,0.9040835,1.11724,-0.8525956
83.84038,0.9128958,1.101021,-0.8629389
83.85255,0.9144564,1.09277,-0.8715498
83.86372,0.9288743,1.083834,-0.8730118
83.87394,0.9361107,1.070693,-0.8811481
83.88696,0.9483522,1.060637,-0.8867297
83.89607,0.9565121,1.064639,-0.9058428
83.90735,0.9656687,1.054066,-0.9184735
83.91947,0.9749786,1.046746,-0.9368746
83.9299,0.9815511,1.050423,-0.9639249
83.94122,0.9891049,1.038777,-0.9798124
83.95181,0.9990571,1.024793,-0.9941804
83.96323,1.007035,1.021415,-1.013554
83.97452,1.014494,1.008011,-1.029832
83.98582,1.023202,0.9944385,-1.046136
83.99712,1.033805,1.010992,-1.004401
84.00795,1.040818,1.002618,-1.019869
84.0194,1.046929,0.9910424,-1.036626
84.03087,1.053059,0.9811815,-1.049006
84.04132,1.059519,0.9679199,-1.06621
84.05263,1.067591,0.9545053,-1.083827
84.06396,1.07242,0.9423122,-1.1047
84.07502,1.077367,0.9292057,-1.125515
84.08592,1.083803,0.9165568,-1.147007
84.09786,1.087076,0.9032884,-1.170795
84.10837,1.09048,0.8892916,-1.193939
84.11983,1.093917,0.876814,-1.21838
84.13097,1.093606,0.8664109,-1.245755
84.14194,1.09337,0.8555256,-1.271422
84.15314,1.094529,0.8465477,-1.298319
84.16435,1.090995,0.8403274,-1.328303
84.17547,1.088328,0.8322865,-1.35591
84.18684,1.087668,0.8269798,-1.385795
84.19807,1.084847,0.8209072,-1.414774
84.20924,1.079303,0.8161113,-1.444894
84.22002,1.076958,0.8118445,-1.473664
84.23171,1.072015,0.8075856,-1.505417
84.24295,1.066457,0.802374,-1.535931
84.25352,1.060402,0.8011292,-1.566239
84.2656,1.053369,0.7992433,-1.599346
84.27713,1.046483,0.7963452,-1.629767
84.28793,1.038255,0.7957965,-1.659956
84.29844,1.028689,0.7961594,-1.691594
84.30986,1.018813,0.7961702,-1.721909
84.32065,1.009425,0.7969807,-1.751259
84.3318,0.9979273,0.8001405,-1.781195
84.34326,0.9875686,0.8020552,-1.810461
84.35482,0.9759487,0.8073366,-1.837468
84.3658,0.9639335,0.8136437,-1.86452
84.37635,0.9519045,0.818397,-1.891517
84.38904,0.9390928,0.8275256,-1.915753
84.39897,0.9266262,0.8343383,-1.943877
84.41016,0.9138939,0.8419831,-1.968226
84.42131,0.9010946,0.8522251,-1.991563
84.43291,0.8872567,0.8628545,-2.014035
84.44356,0.8734721,0.8727993,-2.035575
84.45484,0.859239,0.8834094,-2.056325
84.46695,0.8450217,0.8937174,-2.076616
84.47803,0.8297925,0.9037567,-2.095862
84.48891,0.8156177,0.9141003,-2.115471
84.49988,0.8012981,0.9243815,-2.132241
84.51057,0.7860996,0.9349705,-2.148877
84.52216,0.7713178,0.9463325,-2.162395
84.53315,0.7568359,0.9569647,-2.177272
84.54406,0.741439,0.9679408,-2.189542
84.55587,0.7270904,0.979609,-2.200449
84.56647,0.7132044,0.9915409,-2.209895
84.57751,0.6987485,1.003166,-2.218195
84.589,0.685191,1.014991,-2.226962
84.60066,0.6721574,1.026987,-2.232972
84.61136,0.6585561,1.038756,-2.236514
84.62234,0.6455494,1.050396,-2.241541
84.63382,0.6328913,1.061571,-2.244302
84.64468,0.6175648,1.071646,-2.248501
84.65572,0.604278,1.082256,-2.255017
84.66709,0.5916079,1.091146,-2.256255
84.67846,0.5783033,1.099862,-2.257463
84.68957,0.5657157,1.106286,-2.257632
84.70042,0.5528187,1.112753,-2.259988
84.71164,0.5400797,1.117901,-2.259518
84.72314,0.5277699,1.122328,-2.258754
84.73463,0.5148346,1.125023,-2.259488
84.74535,0.5027315,1.128297,-2.258599
84.75658,0.4903623,1.129931,-2.257975
84.76753,0.4785196,1.130743,-2.254933
84.77872,0.4675587,1.130669,-2.251996
84.79019,0.4562284,1.130278,-2.248063
84.80107,0.4447973,1.129794,-2.245333
84.81257,0.4345315,1.12844,-2.241398
84.82339,0.4251308,1.124393,-2.233842
84.83456,0.4146356,1.122762,-2.229473
84.84614,0.4072772,1.118729,-2.221125
84.85812,0.3984332,1.115207,-2.213989
84.86842,0.3909768,1.110983,-2.2043
84.87917,0.3849951,1.106311,-2.194256
84.89233,0.3786855,1.101399,-2.182781
84.90203,0.3721666,1.096406,-2.172508
84.91275,0.3675367,1.089963,-2.160217
84.92415,0.362446,1.083295,-2.146774
84.93532,0.3573642,1.075705,-2.133786
84.94647,0.3528148,1.067873,-2.120417
84.95869,0.3486931,1.058972,-2.105834
84.9691,0.3448302,1.049224,-2.090541
84.98059,0.3414563,1.039105,-2.074596
84.99148,0.3386459,1.028555,-2.058114
85.00257,0.3362089,1.017492,-2.041025
85.01358,0.3343483,1.006021,-2.023503
85.02497,0.3325891,0.994647,-2.005848
85.0358,0.3318722,0.9826014,-1.987224
85.0469,0.331678,0.9700681,-1.968127
85.05811,0.3322598,0.9574513,-1.948421
85.06918,0.33364,0.9446828,-1.928081
85.08094,0.3351553,0.9320066,-1.907921
85.09157,0.3381721,0.9193358,-1.886524
85.10246,0.3413791,0.9068036,-1.86505
85.1139,0.3476186,0.8953851,-1.841404
85.12523,0.3528758,0.8840864,-1.818597
85.13619,0.3601503,0.8739077,-1.794473
85.14781,0.368349,0.8644129,-1.769885
85.15881,0.3764243,0.8547622,-1.745361
85.16986,0.3873188,0.8472052,-1.719699
85.18086,0.3970917,0.8387529,-1.69466
85.1919,0.4084864,0.8314358,-1.668977
85.20348,0.4206979,0.824712,-1.643222
85.21434,0.4335812,0.8185881,-1.617573
85.22539,0.4472662,0.8129947,-1.591795
85.23672,0.4609479,0.8073891,-1.565875
85.24761,0.4760976,0.8030733,-1.539898
85.25934,0.4919203,0.7995934,-1.514153
85.27024,0.5077522,0.7958951,-1.488141
85.28127,0.5245978,0.7937614,-1.462724
85.29265,0.5420719,0.7922556,-1.437352
85.30347,0.5568585,0.7886066,-1.412522
85.31493,0.5746173,0.7877017,-1.387393
85.32571,0.5907643,0.7922391,-1.376271
85.33694,0.6099502,0.7934132,-1.352458
85.34818,0.6292508,0.7957871,-1.329726
85.35934,0.6480775,0.8000464,-1.307664
85.37061,0.6679731,0.8047256,-1.284736
85.3821,0.6867962,0.8102901,-1.263003
85.39441,0.706419,0.8159095,-1.242409
85.40426,0.7265769,0.8220003,-1.221399
85.41508,0.7464997,0.8299878,-1.202622
85.4275,0.7665521,0.8371629,-1.184242
85.43766,0.7867853,0.8454021,-1.167441
85.44896,0.805815,0.853406,-1.149385
85.46054,0.8258665,0.8618443,-1.134036
85.47134,0.8456193,0.8708158,-1.119034
85.4824,0.8643981,0.8803248,-1.104557
85.49331,0.8836774,0.889816,-1.091081
85.50475,0.9029577,0.9000026,-1.078661
85.51568,0.9214141,0.9101928,-1.067319
85.52699,0.9400607,0.9202795,-1.056203
85.53844,0.9582472,0.931069,-1.046873
85.54931,0.9760035,0.9419068,-1.038615
85.56068,0.9930626,0.9538398,-1.032191
85.57156,1.008512,0.9670711,-1.028334
85.58295,1.0224,0.9806533,-1.025944
85.59458,1.036461,0.9930232,-1.022954
85.60511,1.048747,1.005081,-1.02178
85.61681,1.060624,1.017628,-1.022304
85.62737,1.070917,1.029308,-1.023916
85.64045,1.080515,1.040286,-1.025659
85.64976,1.090048,1.050005,-1.027724
85.6618,1.098157,1.059198,-1.030749
85.67305,1.106964,1.068242,-1.03257
85.68459,1.111939,1.075466,-1.038146
85.69451,1.116953,1.081669,-1.043078
85.70573,1.122056,1.087728,-1.047742
85.71762,1.125426,1.091613,-1.053456
85.72808,1.127441,1.095003,-1.059698
85.7393,1.129496,1.098308,-1.065784
85.75103,1.128889,1.097989,-1.072861
85.76177,1.1282,1.097571,-1.079116
85.77288,1.128733,1.098545,-1.085044
85.78396,1.125195,1.094135,-1.091299
85.79501,1.121188,1.090545,-1.096885
85.8063,1.117111,1.086469,-1.102867
85.81757,1.109809,1.079056,-1.108397
85.82854,1.103276,1.073259,-1.113206
85.83977,1.095539,1.066185,-1.118005
85.85086,1.08402,1.056052,-1.121995
85.86236,1.071825,1.046672,-1.124724
85.87318,1.060012,1.037517,-1.127446
85.88432,1.046665,1.02636,-1.128637
85.89909,1.030692,1.015278,-1.127573
85.90681,1.014676,1.004699,-1.125552
85.91783,0.9986231,0.992896,-1.12187
85.92966,0.9820645,0.9823164,-1.117512
85.94074,0.9637603,0.9728506,-1.109191
85.95129,0.946588,0.9633905,-1.100394
85.96259,0.9276553,0.9569526,-1.08686
85.97379,0.910744,0.9539351,-1.071711
85.98505,0.8931694,0.9519128,-1.054743
85.99703,0.8773339,0.9526137,-1.03722
86.00774,0.8634729,0.9534435,-1.022023
86.01819,0.8511461,0.9611957,-1.004336
86.03062,0.8384594,0.9657791,-0.9880919
86.04063,0.8287811,0.9740663,-0.973392
86.05177,0.8211319,0.9821954,-0.9608366
86.06419,0.8121035,0.9898046,-0.9472866
86.07397,0.8056524,1.000139,-0.9361863
86.08574,0.799423,1.00913,-0.9273543
86.09692,0.7938036,1.018139,-0.9191782
86.10761,0.7897604,1.028236,-0.9139497
86.11974,0.7852603,1.037653,-0.9090772
86.13003,0.7816627,1.044621,-0.9068174
86.14184,0.7772931,1.051071,-0.9021995
86.1524,0.7732158,1.056658,-0.8998182
86.1636,0.7700604,1.060379,-0.8986528
86.17498,0.7673149,1.063743,-0.8988211
86.18577,0.7644299,1.066604,-0.8981593
86.1977,0.7602301,1.068516,-0.8987746
86.20837,0.7439722,1.056237,-0.8937848
86.21928,0.7355202,1.053975,-0.893858
86.23087,0.7287223,1.049412,-0.8980908
86.24151,0.7221807,1.04218,-0.8992374
86.25283,0.7160716,1.034052,-0.9011157
86.26408,0.7095303,1.028167,-0.9040127
86.2752,0.7041463,1.023274,-0.9078004
86.28629,0.6995209,1.017901,-0.9099772
86.2979,0.6949204,1.010836,-0.9123108
86.30854,0.6942981,1.009338,-0.9154563
86.31972,0.6931193,1.008306,-0.9165888
86.33125,0.6898886,1.007091,-0.9167438
86.3427,0.6859048,1.007003,-0.9153557
86.35352,0.6824694,1.006495,-0.9136579
86.36448,0.6798794,1.008405,-0.9091284
86.37556,0.6774982,1.011024,-0.9063673
86.38713,0.6759941,1.013589,-0.9042265
86.39949,0.6749798,1.017164,-0.9012439
86.409,0.6727729,1.019335,-0.8994823
86.42074,0.6713831,1.022018,-0.8986051
86.4316,0.6696592,1.025197,-0.8968449
86.44283,0.6671431,1.028507,-0.8966284
86.45396,0.6649795,1.030969,-0.8971438
86.46514,0.6632208,1.033759,-0.8968782
91.38088,1.183619,0.8998688,-1.208243
91.39236,1.211823,0.8950329,-1.255684
91.40286,1.241222,0.8894845,-1.299809
91.41454,1.271189,0.8879702,-1.349354
91.42658,1.294146,0.8913165,-1.39997
91.43655,1.314893,0.8963326,-1.451052
91.44785,1.338371,0.9005044,-1.500984
91.45921,1.35535,0.9098346,-1.553624
91.47011,1.368215,0.9216461,-1.606979
91.48226,1.376433,0.9368311,-1.658591
91.49252,1.384351,0.9532324,-1.709106
91.5036,1.390159,0.9682646,-1.760604
91.51481,1.396041,0.9843454,-1.809479
91.52603,1.398287,1.002997,-1.857033
91.53692,1.398068,1.021316,-1.904495
91.54831,1.395237,1.0419,-1.950222
91.55947,1.393122,1.063123,-1.99546
91.57088,1.386736,1.085308,-2.038347
91.58169,1.377786,1.10822,-2.079604
91.59274,1.367105,1.132962,-2.118612
91.60406,1.356229,1.156978,-2.158701
91.61537,1.338665,1.182876,-2.192951
91.62676,1.321107,1.210305,-2.224214
91.63734,1.301666,1.237169,-2.254425
91.64883,1.281002,1.263845,-2.283787
91.66068,1.258754,1.290729,-2.309695
91.67111,1.23568,1.31712,-2.330999
91.68198,1.210083,1.3433,-2.351728
91.69353,1.184466,1.368987,-2.371258
91.70473,1.158467,1.393711,-2.386956
91.71556,1.129913,1.418161,-2.40205
91.72678,1.102768,1.442121,-2.418523
91.73854,1.074282,1.46416,-2.431715
91.74921,1.04404,1.485337,-2.442504
91.76053,1.014616,1.505496,-2.453059
91.77183,0.9847876,1.524656,-2.462254
91.78268,0.9552681,1.543002,-2.471096
91.79372,0.9253712,1.559748,-2.477869
91.80547,0.8954828,1.576559,-2.485069
91.81625,0.8648347,1.589892,-2.488328
91.82745,0.8357035,1.604768,-2.486916
91.83907,0.8039821,1.616338,-2.487368
91.85013,0.7746482,1.627858,-2.488426
91.86132,0.7444148,1.638919,-2.48892
91.87196,0.7138796,1.646124,-2.485107
91.88309,0.6839085,1.654443,-2.482982
91.89423,0.6535498,1.660524,-2.478673
91.90585,0.6236262,1.66674,-2.473678
91.91711,0.5946043,1.668748,-2.46472
91.92915,0.564729,1.67199,-2.45848
91.94007,0.5354493,1.672427,-2.448362
91.95012,0.5073113,1.671796,-2.437984
91.96257,0.4789222,1.669883,-2.4259
91.97232,0.4500984,1.668292,-2.415472
91.98386,0.4231867,1.663801,-2.402537
91.99487,0.3954101,1.657988,-2.390065
92.00606,0.368347,1.651508,-2.375832
92.01766,0.3424949,1.643391,-2.361863
92.02866,0.315308,1.635314,-2.348469
92.03948,0.2888315,1.624302,-2.332538
92.05071,0.2643087,1.612415,-2.316775
92.06223,0.2381059,1.60088,-2.302085
92.0732,0.2133303,1.586486,-2.283841
92.0842,0.1912794,1.569733,-2.264628
92.09538,0.1673491,1.554691,-2.246428
92.10647,0.1455259,1.537664,-2.22525
92.11811,0.1258042,1.518768,-2.203503
92.12881,0.1058241,1.499565,-2.181284
92.14157,0.08607078,1.479982,-2.15825
92.15136,0.06975651,1.458531,-2.133353
92.16266,0.05391669,1.436291,-2.107855
92.1735,0.03965878,1.412932,-2.080288
92.18484,0.0275842,1.389169,-2.051768
92.1958,0.01510143,1.365772,-2.023784
92.20795,0.006232262,1.340891,-1.992863
92.21803,-0.00264442,1.316359,-1.962421
92.23009,-0.007605195,1.290649,-1.929507
92.24085,-0.009904981,1.264073,-1.895918
92.25289,-0.01072967,1.238163,-1.862805
92.26291,-0.009083509,1.212257,-1.827816
92.27566,-0.00533855,1.185794,-1.791311
92.28522,0.0005738735,1.160415,-1.756141
92.29758,0.006694436,1.134787,-1.719963
92.30749,0.02063084,1.110237,-1.68194
92.32,0.02880538,1.085641,-1.645632
92.3307,0.04813838,1.062887,-1.607265
92.34229,0.0667628,1.040832,-1.569273
92.35252,0.08847857,1.019723,-1.531308
92.36456,0.1127918,1.00002,-1.493799
92.37482,0.1370466,0.9803612,-1.456496
92.3862,0.1655085,0.9635643,-1.419808
92.39753,0.1970639,0.948117,-1.383888
92.40934,0.228128,0.9326056,-1.348253
92.41961,0.2659698,0.9220564,-1.315311
92.43228,0.3016132,0.9097724,-1.281339
92.44191,0.3406265,0.9012061,-1.250349
92.45285,0.3793568,0.8922539,-1.218982
92.46455,0.4263142,0.8900067,-1.180973
92.47542,0.4684417,0.8869255,-1.151247
92.48637,0.512962,0.8851463,-1.1251
92.49749,0.5568838,0.8829702,-1.098163
92.50884,0.6044484,0.8885019,-1.07672
92.5199,0.6501119,0.890237,-1.054146
92.53165,0.6970735,0.8950276,-1.034918
92.54232,0.7447439,0.9030755,-1.017551
92.55325,0.7925416,0.9122106,-1.002976
92.56504,0.839981,0.9233135,-0.9915359
92.5761,0.8869259,0.9362614,-0.9790049
92.58746,0.9264789,0.957055,-0.9695351
92.59794,0.9696637,0.9777067,-0.9688129
92.60966,1.001501,1.014335,-0.9870155
92.62064,1.033316,1.041723,-0.9970055
92.63155,1.059379,1.073532,-1.014468
92.64365,1.0767,1.106626,-1.035115
92.65533,1.086951,1.136782,-1.055577
92.66557,1.097912,1.164271,-1.077065
92.67604,1.103635,1.189855,-1.093666
92.68906,1.101513,1.208031,-1.11591
92.6988,1.105699,1.227787,-1.134006
92.71023,1.103855,1.241544,-1.153087
92.72102,1.101145,1.257678,-1.168005
92.73274,1.095391,1.269681,-1.183212
92.74352,1.086172,1.278941,-1.196089
92.75443,1.076543,1.286655,-1.208501
92.76559,1.066065,1.292936,-1.218006
92.77694,1.057591,1.298879,-1.228352
92.78785,1.045714,1.300819,-1.236357
92.79936,1.033235,1.300718,-1.241585
92.81055,1.021782,1.298738,-1.245467
92.82152,1.010433,1.296957,-1.249404
92.83286,0.9983547,1.291531,-1.2492
92.84381,0.9866818,1.283307,-1.247654
92.85497,0.9747074,1.273597,-1.244046
92.86668,0.9630698,1.263127,-1.240103
92.87764,0.9527645,1.252288,-1.237006
92.88873,0.9418693,1.241519,-1.234926
92.90017,0.9310387,1.226386,-1.230197
92.91093,0.922166,1.21328,-1.224345
92.92191,0.9134929,1.198355,-1.213616
92.93516,0.9046017,1.183733,-1.205498
92.94505,0.8973061,1.165856,-1.193702
92.95757,0.8895236,1.148527,-1.183457
92.96679,0.8816994,1.131309,-1.174718
92.97794,0.8752443,1.111642,-1.163741
92.98907,0.8686487,1.09287,-1.152086
93.00048,0.8643097,1.074814,-1.137177
93.01203,0.8625914,1.058645,-1.118347
93.02426,0.8604745,1.043542,-1.101168
93.03439,0.8599044,1.030465,-1.082497
93.04588,0.8618739,1.017181,-1.065344
93.05759,0.8637053,1.005758,-1.045068
93.06744,0.8662712,0.9973559,-1.025012
93.07847,0.8704054,0.9902494,-1.006554
93.08964,0.8733923,0.9828291,-0.9872749
93.10086,0.8775768,0.9826163,-0.9681923
93.11228,0.8819509,0.9819427,-0.9512393
93.12376,0.8856625,0.983916,-0.934303
93.13435,0.8883893,0.9925394,-0.9199724
93.14592,0.8910778,0.9984033,-0.9070621
93.15678,0.8921854,1.007828,-0.896095
93.16801,0.8931388,1.01745,-0.8846917
93.179,0.8924881,1.030101,-0.8778307
93.19006,0.8900463,1.043604,-0.8726554
93.20193,0.8860666,1.058421,-0.8693454
93.21265,0.8816967,1.072591,-0.8657517
93.22383,0.8751909,1.087734,-0.8658342
93.23472,0.867532,1.102495,-0.8674202
93.24649,0.8585809,1.116121,-0.8684268
93.25703,0.847652,1.128563,-0.8731906
93.26826,0.8384793,1.14138,-0.8757243
93.28022,0.8264539,1.149886,-0.8803389
93.29083,0.8161647,1.160234,-0.8833244
93.30241,0.8049977,1.166388,-0.8866544
93.31428,0.7947968,1.171824,-0.8885937
93.32418,0.7741652,1.182608,-0.8917711
93.33624,0.7589083,1.186155,-0.8972058
93.3488,0.7657756,1.172702,-0.9267545
93.35762,0.7558626,1.150321,-0.9308403
93.36899,0.7448086,1.14776,-0.9395196
93.38184,0.7545088,1.144428,-0.9509742
93.39179,0.7475049,1.114904,-0.9488766
93.40216,0.7380847,1.110102,-0.95801
93.41352,0.7445696,1.105356,-0.9657891
93.42462,0.7378154,1.085053,-0.9635956
93.43776,0.728783,1.077801,-0.9724081
93.44717,0.732117,1.072179,-0.9784546
93.45811,0.7233784,1.052356,-0.9789457
93.47015,0.7245394,1.078665,-0.9035339
