Time,Trial Number,Ball X,Ball Y,Ball Z,COP X,COP Y,Wrist X,Wrist Y,Wrist Z,Arm X,Arm Y,Arm Z
16.58059,1,0.2133681,1.000243,-0.277329,0,0,-0.02120519,0.9786143,-0.3299521,-0.2029088,0.7785192,0.1240492
16.59189,1,0.2135741,0.9870157,-0.2725932,0,0,-0.02039683,0.9720488,-0.327538,-0.2025625,0.7784235,0.1243217
16.60421,1,0.2136459,0.9720075,-0.2678255,0,0,-0.01974213,0.9655418,-0.3250152,-0.2021962,0.7783204,0.1245686
16.61422,1,0.2134881,0.9554015,-0.2626949,0,0,-0.01908791,0.959089,-0.3225745,-0.2018688,0.7782289,0.1248341
16.62558,1,0.2130364,0.9374666,-0.2569119,0,0,-0.01852477,0.9525998,-0.3202224,-0.2014785,0.778074,0.1250544
16.63629,1,0.2122516,0.9184155,-0.2502601,0,0,-0.0179342,0.9465873,-0.3176212,-0.2010931,0.7779628,0.1252794
16.64753,1,0.211125,0.8984184,-0.2425986,0,0,-0.01718259,0.9408439,-0.3150057,-0.2007194,0.7778943,0.1255355
16.65911,1,0.2096529,0.8777498,-0.2337457,0,0,-0.01635683,0.9354808,-0.3121983,-0.2003536,0.777895,0.1258024
16.67018,1,0.2078232,0.8567062,-0.2235439,0,0,-0.01542258,0.9300201,-0.3096153,-0.1999353,0.7778088,0.1259909
16.68144,1,0.2056158,0.8356107,-0.2118278,0,0,-0.01428425,0.9252077,-0.3071998,-0.1995863,0.7776974,0.1262225
16.69238,1,0.2030015,0.8148368,-0.1984274,0,0,-0.01313245,0.920001,-0.3049573,-0.1992337,0.777539,0.1264284
16.70387,1,0.1999466,0.7947925,-0.1832074,0,0,-0.0118556,0.9153252,-0.3025069,-0.1988966,0.7773781,0.1266378
16.71487,1,0.1964229,0.7758518,-0.1661259,0,0,-0.01062214,0.9107352,-0.3001997,-0.1985822,0.7772756,0.1268764
16.72589,1,0.1924229,0.758237,-0.1472922,0,0,-0.009308934,0.9068108,-0.2977785,-0.1982539,0.7772447,0.1270971
16.73692,1,0.1879545,0.7419965,-0.1269224,0,0,-0.007994771,0.9025843,-0.2954642,-0.1978669,0.7772082,0.1272392
16.74866,1,0.1830247,0.7270708,-0.1052532,0,0,-0.006865501,0.8986194,-0.2932234,-0.1975087,0.7771662,0.1274149
16.75941,1,0.1776221,0.7133909,-0.08246557,0,0,-0.005790591,0.8947976,-0.2910795,-0.1972863,0.7771235,0.1276116
16.77143,1,0.1717268,0.7008602,-0.05868938,0,0,-0.004650712,0.8911067,-0.2890569,-0.1969918,0.7770399,0.1277552
16.78269,1,0.1653381,0.6892806,-0.03403875,0,0,-0.00380826,0.8879918,-0.2870772,-0.1967953,0.7769753,0.1279616
16.79353,1,0.1584949,0.6783345,-0.008637393,0,0,-0.002944112,0.8845946,-0.2851245,-0.1966048,0.7769359,0.1281222
16.8049,1,0.1512705,0.6676522,0.01738207,0,0,-0.002420068,0.8817991,-0.2830474,-0.1964159,0.7769309,0.1283101
16.81669,1,0.1437483,0.6569129,0.04390001,0,0,-0.001914382,0.8792421,-0.2810421,-0.1962076,0.7769689,0.1284627
16.82731,1,0.1359991,0.6459295,0.0708368,0,0,-0.001546979,0.8769689,-0.2791752,-0.1959847,0.7770326,0.1286035
16.83844,1,0.1280776,0.6346712,0.0981559,0,0,-0.001306653,0.874796,-0.2772669,-0.1957047,0.7770091,0.1286808
16.84964,1,0.1200325,0.6232313,0.1258434,0,0,-0.0007381439,0.8726512,-0.2753369,-0.1954454,0.777006,0.1287636
16.86122,1,0.1119164,0.6117657,0.1538819,0,0,-0.000469923,0.8710974,-0.2735299,-0.1952039,0.7770749,0.1289124
16.87259,1,0.1037883,0.6004317,0.1822346,0,0,-0.0004098415,0.869694,-0.2715663,-0.1949717,0.7771106,0.1289983
16.88304,1,0.09570652,0.5893522,0.2108451,0,0,-0.0002311468,0.8682641,-0.2696277,-0.1947496,0.7772066,0.1290888
16.89432,1,0.08771935,0.57862,0.2396455,0,0,-0.000649333,0.8675255,-0.2677002,-0.1944976,0.7773427,0.1291832
16.90609,1,0.07985847,0.5683304,0.2685629,0,0,-0.001132727,0.8668642,-0.265915,-0.194193,0.7775213,0.1291642
16.91689,1,0.07213533,0.5586119,0.2975177,0,0,-0.001602888,0.8661078,-0.2642407,-0.1938889,0.7777627,0.1291614
16.92769,1,0.06453844,0.5496286,0.3264202,0,0,-0.002472281,0.8659072,-0.2628845,-0.1935409,0.7780653,0.1291536
16.9394,1,0.0570312,0.541578,0.3551691,0,0,-0.003339171,0.8656111,-0.2613897,-0.1931745,0.7784534,0.1290774
16.95015,1,0.04955139,0.5346765,0.3836566,0,0,-0.004112244,0.8652538,-0.260006,-0.1927879,0.7789255,0.1289978
16.96134,1,0.04201519,0.5291249,0.4117824,0,0,-0.004980206,0.8648844,-0.2585691,-0.1923159,0.7794598,0.1288816
16.97257,1,0.03432735,0.5251015,0.4394683,0,0,-0.006172538,0.8648221,-0.2572253,-0.1917591,0.7799265,0.1286989
56.03241,2,0.1995928,0.9391239,-0.08256193,0,0,0.005224228,0.9137383,-0.1833271,-0.1870382,0.7655218,0.1331974
56.0433,2,0.1996927,0.9314474,-0.08163596,0,0,0.005008817,0.9138049,-0.1831393,-0.1869974,0.7655578,0.1331756
56.05449,2,0.199683,0.92213,-0.0809589,0,0,0.005081415,0.9138335,-0.1829629,-0.18695,0.7655987,0.133169
56.06581,2,0.1995364,0.9111757,-0.08045607,0,0,0.00491178,0.9139485,-0.1828355,-0.1869216,0.7655954,0.1331873
56.07659,2,0.199226,0.8985587,-0.08004729,0,0,0.004859567,0.9141116,-0.1827313,-0.1868671,0.7656369,0.1331701
56.08839,2,0.1987021,0.884276,-0.07964679,0,0,0.004624009,0.9142573,-0.1826588,-0.1868913,0.7656565,0.1331897
56.0993,2,0.1978909,0.8683639,-0.07913784,0,0,0.004477024,0.9143536,-0.1825248,-0.1868531,0.7656978,0.1331588
56.11019,2,0.196686,0.8508857,-0.07837096,0,0,0.004268885,0.9144737,-0.1825926,-0.1868244,0.765709,0.1331528
56.12163,2,0.194961,0.8319577,-0.07717301,0,0,0.003962874,0.9145608,-0.1826445,-0.1867876,0.7657531,0.1331342
56.13295,2,0.1925652,0.8117552,-0.07534674,0,0,0.003804207,0.9146141,-0.1826383,-0.1867729,0.7657875,0.1331068
56.14408,2,0.1893332,0.7905255,-0.07267344,0,0,0.003755212,0.9146957,-0.1827624,-0.1867492,0.7657918,0.1330866
56.15521,2,0.185098,0.7686059,-0.0689193,0,0,0.003707767,0.914629,-0.1829869,-0.1867191,0.7658392,0.13307
56.16617,2,0.1797164,0.7464604,-0.06385273,0,0,0.003707409,0.9146147,-0.1829673,-0.186677,0.7657953,0.1330192
56.17757,2,0.1730911,0.7246643,-0.05727371,0,0,0.003655553,0.914566,-0.1829848,-0.1866646,0.7658021,0.133022
56.18879,2,0.165193,0.7038842,-0.04903722,0,0,0.003581047,0.9145873,-0.1830394,-0.1866491,0.7658167,0.1330138
56.19994,2,0.1560815,0.6848449,-0.03907437,0,0,0.003539085,0.9145947,-0.1830028,-0.186654,0.7658712,0.1330228
56.21146,2,0.1459131,0.6682752,-0.02740442,0,0,0.003505588,0.9146813,-0.1831102,-0.1866442,0.7658936,0.1330324
56.22213,2,0.1349295,0.654852,-0.01412461,0,0,0.003414512,0.9146758,-0.1832564,-0.1866728,0.7659058,0.1330358
56.23336,2,0.1234404,0.6450986,0.0005993666,0,0,0.003353953,0.9146949,-0.1832241,-0.1866568,0.7658902,0.133005
56.24431,2,0.1118067,0.6392151,0.01652829,0,0,0.003279924,0.9148077,-0.1833485,-0.1866318,0.7659191,0.1330045
56.25565,2,0.1003719,0.6369457,0.03338512,0,0,0.003021717,0.9148946,-0.1835328,-0.1866269,0.7659637,0.1329974
56.2666,2,0.08937629,0.6375303,0.05089813,0,0,0.00289011,0.9149884,-0.1836821,-0.1866211,0.7660127,0.1329635
56.27777,2,0.07890636,0.6398763,0.06883349,0,0,0.002758622,0.9151677,-0.1838923,-0.186616,0.766069,0.1329499
56.28923,2,0.06891023,0.642846,0.08700204,0,0,0.002667665,0.9152037,-0.1840831,-0.1866683,0.7661145,0.132949
56.29992,2,0.05928082,0.6455783,0.1052728,0,0,0.002519488,0.9152554,-0.1843404,-0.1866706,0.7661983,0.1329458
56.31217,2,0.04995434,0.6476419,0.1235932,0,0,0.002425075,0.9153718,-0.184598,-0.1866667,0.7662932,0.1329296
56.32275,2,0.04095189,0.6489543,0.1419867,0,0,0.002590775,0.9152826,-0.1848341,-0.1866155,0.7663548,0.1328942
56.33353,2,0.03234833,0.64957,0.1605172,0,0,0.002511859,0.9153609,-0.1851126,-0.1865577,0.7663566,0.1328655
56.34471,2,0.02421151,0.6495018,0.1792454,0,0,0.002569556,0.91538,-0.185297,-0.1865039,0.7664158,0.1328169
56.35584,2,0.01657142,0.6486727,0.1982135,0,0,0.002369881,0.9155668,-0.1854069,-0.186423,0.766468,0.1327873
56.36729,2,0.009420152,0.6469424,0.2174488,0,0,0.002232552,0.9156606,-0.1856154,-0.186398,0.7665479,0.1327668
56.37812,2,0.002727815,0.6441541,0.2369733,0,0,0.002085567,0.9157208,-0.1857729,-0.1863727,0.7666113,0.1327366
56.38943,2,-0.003541351,0.6401698,0.2568074,0,0,0.002002597,0.9158186,-0.1859385,-0.1863262,0.7666456,0.1326997
56.40053,2,-0.009419531,0.6348879,0.2769699,0,0,0.0018121,0.9159261,-0.1861559,-0.1862997,0.7666675,0.1326718
56.41186,2,-0.0149277,0.6282536,0.2974775,0,0,0.001590371,0.9160995,-0.1864064,-0.1863025,0.7667201,0.1326564
56.42295,2,-0.02006633,0.6202709,0.3183475,0,0,0.001369357,0.9163767,-0.1864918,-0.1863213,0.7667493,0.1326346
56.43401,2,-0.02480716,0.6110178,0.3395996,0,0,0.001191258,0.9165214,-0.1866521,-0.1863357,0.7668491,0.1326342
56.44522,2,-0.02908969,0.6006604,0.3612537,0,0,0.0009889603,0.9166943,-0.1868733,-0.1863124,0.7668607,0.1325953
56.45647,2,-0.03282591,0.5894667,0.3833193,0,0,0.0008782148,0.9166362,-0.1872405,-0.186322,0.7669007,0.1325765
56.46772,2,-0.03591517,0.5778136,0.4057763,0,0,0.0006979704,0.9167383,-0.1873535,-0.1863197,0.766871,0.1325364
56.47872,2,-0.0382682,0.5661823,0.4285529,0,0,0.0005260706,0.9168344,-0.1875024,-0.1863558,0.7668571,0.1325306
61.02522,3,0.09264933,0.9639273,-0.02513701,0,0,-0.07430482,0.8729244,-0.1571276,-0.1802291,0.7789517,0.1266687
61.03681,3,0.09432508,0.9578243,-0.02668942,0,0,-0.07454574,0.8721988,-0.1568081,-0.1802508,0.7789675,0.1266752
61.0477,3,0.09608032,0.9497612,-0.02882229,0,0,-0.07499373,0.8715888,-0.1565734,-0.1802523,0.7789988,0.1266855
61.05883,3,0.09777353,0.9397665,-0.03133653,0,0,-0.07507277,0.8708231,-0.1565491,-0.1803062,0.7790133,0.1266851
61.07028,3,0.09929156,0.9278998,-0.03405099,0,0,-0.07513964,0.8702971,-0.1563059,-0.1803532,0.7790495,0.1267242
61.08113,3,0.100554,0.9142636,-0.03681212,0,0,-0.0753684,0.8698063,-0.1561075,-0.1803538,0.7790684,0.1267355
61.09226,3,0.1014875,0.8989514,-0.03949542,0,0,-0.0755986,0.8694861,-0.1558142,-0.180391,0.7791306,0.126763
61.10337,3,0.1020291,0.8820701,-0.04200429,0,0,-0.07562041,0.8692397,-0.1557097,-0.1803791,0.7791545,0.1267755
61.11474,3,0.1021224,0.8637058,-0.04424261,0,0,-0.07547998,0.8690768,-0.1555758,-0.1803842,0.77919,0.1268067
61.12603,3,0.1017077,0.8439613,-0.04611178,0,0,-0.07542014,0.8688439,-0.1552783,-0.1803679,0.7792266,0.1268137
61.137,3,0.1007204,0.8229629,-0.04749791,0,0,-0.07516801,0.8685093,-0.1550878,-0.1803209,0.7792507,0.1268131
61.14897,3,0.09908521,0.8008814,-0.04824699,0,0,-0.07476151,0.8680772,-0.1548084,-0.1803086,0.7792558,0.1268654
61.15988,3,0.09668254,0.777946,-0.04820643,0,0,-0.07450271,0.8678819,-0.1546032,-0.1802013,0.7792486,0.1268957
61.17125,3,0.09339076,0.7544645,-0.04717459,0,0,-0.07430065,0.8676683,-0.154657,-0.1802014,0.7792893,0.1269484
61.18201,3,0.08909467,0.7308701,-0.04490117,0,0,-0.07422268,0.8675491,-0.1546621,-0.1801708,0.779328,0.1269553
61.19353,3,0.0837017,0.7077371,-0.04112364,0,0,-0.07400751,0.8674777,-0.154606,-0.1802007,0.7794067,0.1269979
61.20449,3,0.07717644,0.6858007,-0.03559998,0,0,-0.07376921,0.8673257,-0.1546975,-0.1802007,0.7794448,0.1270357
61.21589,3,0.06957597,0.6659504,-0.0281599,0,0,-0.07357764,0.8670269,-0.1546538,-0.1801867,0.7794924,0.1270455
61.22689,3,0.06107286,0.6491855,-0.01875753,0,0,-0.07327104,0.8668869,-0.1546438,-0.1801863,0.7795397,0.1270812
61.23832,3,0.05195776,0.6365108,-0.007504777,0,0,-0.07298291,0.8667294,-0.1547405,-0.1801568,0.779564,0.1270989
61.24938,3,0.04261457,0.6287442,0.005343202,0,0,-0.07261324,0.8666123,-0.1549628,-0.1801174,0.7795989,0.1271075
61.26048,3,0.03346936,0.6262029,0.01945732,0,0,-0.07238197,0.8664813,-0.1551422,-0.1800955,0.7796504,0.1271241
61.2716,3,0.02491445,0.6284369,0.03453485,0,0,-0.07215297,0.8662738,-0.1553262,-0.1800533,0.7796922,0.1271183
61.28299,3,0.01718783,0.634223,0.05035349,0,0,-0.07193649,0.8659487,-0.1554631,-0.1799739,0.7797566,0.1270984
61.2944,3,0.01029328,0.6419286,0.06670889,0,0,-0.07179952,0.8655912,-0.1555591,-0.1799239,0.7797627,0.1270859
61.30498,3,0.004041419,0.650059,0.08337317,0,0,-0.07161105,0.8651674,-0.1556681,-0.1798892,0.7797962,0.1270927
61.31633,3,-0.001769389,0.6576853,0.1001677,0,0,-0.0714916,0.8647449,-0.1557877,-0.179884,0.7798542,0.1271097
61.32756,3,-0.007181183,0.6645105,0.1170475,0,0,-0.07127762,0.8642875,-0.1558908,-0.1799068,0.7799305,0.1271334
61.33988,3,-0.01207864,0.6705722,0.1340881,0,0,-0.07106197,0.863883,-0.1561685,-0.1798839,0.7800077,0.1271552
61.34978,3,-0.01633947,0.675902,0.1513627,0,0,-0.07092059,0.8634237,-0.1563247,-0.1798225,0.7800983,0.1271333
61.36104,3,-0.01993451,0.6803914,0.168901,0,0,-0.07083082,0.8629491,-0.1564177,-0.1797649,0.7801762,0.1271188
61.37275,3,-0.02292546,0.6838377,0.1866922,0,0,-0.07074368,0.8624413,-0.1564944,-0.1796942,0.7802618,0.1271063
61.38342,3,-0.02540819,0.686029,0.2047201,0,0,-0.0705936,0.8618472,-0.156512,-0.1796122,0.7803794,0.1270882
61.39429,3,-0.02747601,0.6867851,0.2229788,0,0,-0.07059062,0.8613881,-0.1566097,-0.1795366,0.7804551,0.127077
61.40585,3,-0.02920626,0.6859714,0.2414715,0,0,-0.07052732,0.8608384,-0.1566626,-0.1794646,0.780575,0.1270564
61.41692,3,-0.03066479,0.6834874,0.2602047,0,0,-0.07036364,0.8602473,-0.1566688,-0.1794157,0.7806622,0.1270502
61.42854,3,-0.03190251,0.6792701,0.2791919,0,0,-0.07023394,0.8596035,-0.1565962,-0.1793135,0.7807248,0.1270303
61.43907,3,-0.03294878,0.6732945,0.2984498,0,0,-0.07012284,0.8590323,-0.1565992,-0.1792535,0.7807791,0.1270295
61.45023,3,-0.03380042,0.6655816,0.3180043,0,0,-0.07009161,0.8584758,-0.1565484,-0.1792081,0.78083,0.1270254
61.46149,3,-0.03441518,0.6562034,0.3378994,0,0,-0.07009447,0.8580091,-0.1564292,-0.1791407,0.7808831,0.1270109
61.47277,3,-0.03471203,0.6453006,0.3581764,0,0,-0.07005024,0.8575295,-0.1563475,-0.1790354,0.7809255,0.1269732
61.4837,3,-0.03458433,0.6330873,0.3788743,0,0,-0.06985891,0.8570058,-0.1561871,-0.1789254,0.7809783,0.1269447
61.49501,3,-0.03390341,0.6198388,0.4000198,0,0,-0.06978989,0.8565185,-0.1561189,-0.1788026,0.7810085,0.1269358
61.50605,3,-0.03254319,0.605907,0.4216162,0,0,-0.06964886,0.8560307,-0.1560075,-0.17873,0.7810605,0.1269257
65.24759,4,0.1402004,1.107932,-0.1311893,0,0,-0.03170252,0.978931,-0.1754378,-0.1821495,0.7710312,0.128543
65.2588,4,0.1399823,1.098972,-0.1296354,0,0,-0.03326237,0.9745247,-0.1741477,-0.1822279,0.7710867,0.128692
65.27013,4,0.1399125,1.088332,-0.128612,0,0,-0.03472841,0.9701693,-0.172942,-0.1823345,0.771161,0.1288731
65.28114,4,0.1399464,1.075985,-0.1280979,0,0,-0.0360558,0.9659337,-0.1715842,-0.1824445,0.7712268,0.1290612
65.29241,4,0.1400495,1.061911,-0.1280328,0,0,-0.03707898,0.9623303,-0.1699853,-0.1824951,0.7713274,0.1292541
65.30371,4,0.140176,1.046082,-0.1283551,0,0,-0.03809237,0.9588013,-0.168543,-0.1824721,0.7714149,0.1294267
65.31459,4,0.1402782,1.028474,-0.1289746,0,0,-0.03893685,0.9557358,-0.1669233,-0.1824184,0.7715137,0.1295547
65.32579,4,0.1403057,1.009069,-0.1297766,0,0,-0.03978372,0.9525502,-0.1654915,-0.1823667,0.7715939,0.1296687
65.33694,4,0.1402046,0.987865,-0.1306244,0,0,-0.04047799,0.950021,-0.1641189,-0.1822554,0.7716765,0.1297515
65.34825,4,0.1399077,0.9648668,-0.1313672,0,0,-0.04128838,0.9473076,-0.1628137,-0.182126,0.7718037,0.1298332
65.36051,4,0.1393612,0.9401096,-0.1318144,0,0,-0.04191089,0.9450067,-0.1615602,-0.1820671,0.7718917,0.1299442
65.37047,4,0.1385102,0.9136567,-0.1317506,0,0,-0.04243553,0.9429859,-0.1602486,-0.182015,0.7720376,0.1300757
65.38136,4,0.137267,0.8855986,-0.1309443,0,0,-0.04280698,0.9411974,-0.1590705,-0.1819545,0.7721524,0.130179
65.39281,4,0.1355646,0.8560816,-0.1291048,0,0,-0.04328442,0.9391924,-0.1579542,-0.1818742,0.7722092,0.1302594
65.40386,4,0.133326,0.8253368,-0.1258853,0,0,-0.0437007,0.9375346,-0.1569514,-0.1818015,0.7723044,0.1303423
65.415,4,0.1304464,0.7937452,-0.1208945,0,0,-0.04413092,0.9359943,-0.1561483,-0.1816898,0.7724506,0.1304003
65.42624,4,0.1268239,0.7618471,-0.1136767,0,0,-0.04454982,0.9343286,-0.155409,-0.1816793,0.7725714,0.1304744
65.43755,4,0.1223652,0.7304202,-0.1036942,0,0,-0.04499507,0.9327743,-0.1548295,-0.1816236,0.7726755,0.1305408
65.44871,4,0.1170022,0.7005864,-0.09039856,0,0,-0.04537439,0.9313033,-0.1542921,-0.1815788,0.7728014,0.1306008
65.45984,4,0.1107268,0.6738704,-0.07334369,0,0,-0.04578733,0.9300122,-0.1539553,-0.1815799,0.7729705,0.1306832
65.47153,4,0.1036358,0.6520912,-0.05240634,0,0,-0.04605865,0.9293455,-0.1537236,-0.1815601,0.7731141,0.130726
65.48206,4,0.09595332,0.6368816,-0.02803336,0,0,-0.0463469,0.9301393,-0.1533008,-0.1814823,0.7732255,0.1307582
65.49328,4,0.08797345,0.6289508,-0.001209468,0,0,-0.04626858,0.9316616,-0.1528482,-0.1813551,0.7733964,0.1307881
65.50464,4,0.0799553,0.6275507,0.02694883,0,0,-0.04622972,0.9328946,-0.1523081,-0.1813214,0.773654,0.1307329
65.51579,4,0.07205799,0.6307042,0.05560967,0,0,-0.04620957,0.9339284,-0.1521031,-0.1812856,0.7739164,0.1307002
65.52679,4,0.06432,0.6358764,0.0843235,0,0,-0.04641426,0.9343109,-0.1520051,-0.1813627,0.7741569,0.1307446
65.53821,4,0.05667518,0.6408104,0.1129033,0,0,-0.04658997,0.9343985,-0.1520947,-0.1813739,0.7743326,0.1308196
65.54911,4,0.04902283,0.6441459,0.1412601,0,0,-0.04697847,0.9345987,-0.1522937,-0.1813215,0.7744794,0.130864
65.56047,4,0.041333,0.6457174,0.1694112,0,0,-0.04754341,0.9342543,-0.1527815,-0.1812544,0.7746496,0.1308033
65.57185,4,0.03367753,0.6460303,0.1973907,0,0,-0.04806793,0.9340217,-0.1530131,-0.1812039,0.7748399,0.130704
65.5826,4,0.02617401,0.6456131,0.2251982,0,0,-0.04885268,0.9334379,-0.1533104,-0.1811867,0.7749757,0.1306506
65.59434,4,0.01893074,0.6447619,0.2527816,0,0,-0.0494945,0.9329492,-0.1537203,-0.1811401,0.7751027,0.1306047
65.60506,4,0.01203521,0.6435758,0.2801911,0,0,-0.05007279,0.9327188,-0.1540061,-0.1810803,0.7752295,0.1305498
65.61607,4,0.005551634,0.642038,0.3075132,0,0,-0.05066872,0.932741,-0.1543428,-0.1809962,0.7754005,0.1304795
65.62786,4,-0.0004943665,0.6400386,0.3348531,0,0,-0.05115366,0.9329214,-0.1546658,-0.1809373,0.7756216,0.1304015
65.63873,4,-0.006119396,0.637414,0.3623016,0,0,-0.05161679,0.9331721,-0.1548747,-0.1808591,0.7758452,0.130309
65.64989,4,-0.01135925,0.6340172,0.3899101,0,0,-0.05211592,0.9333451,-0.1551837,-0.1808258,0.7760733,0.1302559
65.66089,4,-0.01623836,0.6297793,0.4176823,0,0,-0.0525682,0.9333442,-0.15554,-0.1807269,0.7763012,0.1301516
74.46238,5,0.2147146,1.038294,0.01018809,0,0,-0.007761002,1.009621,-0.03933597,-0.1694244,0.7785742,0.1342693
74.47311,5,0.2147146,1.038294,0.01018809,0,0,-0.007570505,1.007993,-0.0389291,-0.1693571,0.7785432,0.1343463
74.48441,5,0.2158859,1.032924,0.009412695,0,0,-0.007614374,1.00656,-0.03844345,-0.1692903,0.7785137,0.134403
74.49567,5,0.2193899,1.016829,0.006148247,0,0,-0.007313132,1.005041,-0.03793275,-0.1692478,0.7784951,0.1344563
74.50652,5,0.2193899,1.016829,0.006148247,0,0,-0.0071491,1.00369,-0.03739417,-0.1692093,0.7784331,0.134531
74.51785,5,0.2238853,0.9934765,0.001044642,0,0,-0.007276654,1.002407,-0.03686267,-0.1692242,0.7783884,0.1346167
74.52906,5,0.2262922,0.9790592,-0.001962237,0,0,-0.007413387,1.001184,-0.03646082,-0.1692226,0.7783893,0.1346799
74.54046,5,0.2287062,0.9628098,-0.005147011,0,0,-0.007689714,0.9997448,-0.03584874,-0.1692097,0.7783455,0.1347169
74.55121,5,0.2310476,0.9447289,-0.008395059,0,0,-0.007968426,0.9984468,-0.03529674,-0.169223,0.7783225,0.1347802
74.56263,5,0.2332343,0.9248334,-0.01157141,0,0,-0.008122563,0.997182,-0.03449458,-0.1692157,0.7782783,0.1348255
74.57423,5,0.2351781,0.903163,-0.01451952,0,0,-0.00839448,0.9960208,-0.0338167,-0.1692353,0.7782341,0.1349169
74.58476,5,0.2367851,0.8797877,-0.01706207,0,0,-0.008724928,0.9949811,-0.03316861,-0.1692736,0.7782006,0.1349884
74.59594,5,0.2379558,0.8548136,-0.01899949,0,0,-0.008977413,0.9939184,-0.03241217,-0.1692996,0.7781407,0.1350403
74.60719,5,0.2385671,0.828387,-0.02011934,0,0,-0.00926125,0.9929321,-0.0317899,-0.1693253,0.7781084,0.1351193
74.61834,5,0.2385152,0.8007084,-0.02014667,0,0,-0.009641647,0.9920025,-0.03121018,-0.1693561,0.7780713,0.1351815
74.62948,5,0.2376916,0.7720803,-0.01876607,0,0,-0.009920716,0.9911445,-0.03059316,-0.1693918,0.7780827,0.1352496
74.64066,5,0.2359676,0.7429404,-0.01563577,0,0,-0.01016748,0.9903194,-0.03000617,-0.1693659,0.7780622,0.1353003
74.65168,5,0.2331896,0.7139015,-0.01038012,0,0,-0.0105691,0.9896214,-0.0294441,-0.1693907,0.7780442,0.1353638
74.66298,5,0.2292121,0.6858124,-0.002588803,0,0,-0.01087463,0.9888368,-0.02888888,-0.1694199,0.7780727,0.1354208
74.6743,5,0.2239109,0.6598424,0.008091808,0,0,-0.01119912,0.9881724,-0.0283494,-0.1694484,0.7780822,0.1354855
74.6854,5,0.2172076,0.6374869,0.02183625,0,0,-0.01148999,0.9875474,-0.02780962,-0.1694848,0.7780576,0.1355429
74.69654,5,0.2090957,0.6204385,0.0384893,0,0,-0.0118314,0.9869395,-0.02730548,-0.1694932,0.7780235,0.1355826
74.70779,5,0.1996766,0.6101563,0.05745467,0,0,-0.01221454,0.9863871,-0.02685618,-0.1694789,0.7780385,0.1356148
74.71928,5,0.189178,0.6072048,0.07783071,0,0,-0.01260996,0.9858991,-0.02647042,-0.1694755,0.778066,0.1356544
74.73011,5,0.1779508,0.6107042,0.09878593,0,0,-0.01292372,0.9853724,-0.02618754,-0.1694904,0.7781084,0.1356978
74.74126,5,0.1663973,0.6184528,0.1198246,0,0,-0.01329482,0.9848071,-0.02582777,-0.1695063,0.7781271,0.1357279
74.75251,5,0.1548095,0.6277021,0.1407672,0,0,-0.01367915,0.984378,-0.02571785,-0.1695001,0.7781883,0.1357619
74.76361,5,0.1432696,0.6361762,0.1615289,0,0,-0.01400566,0.9839225,-0.02571499,-0.1695103,0.7782348,0.1357851
74.77469,5,0.1317316,0.6427319,0.1821055,0,0,-0.01435554,0.983323,-0.02569044,-0.1695015,0.7783112,0.1357952
74.78603,5,0.1201885,0.647502,0.2024978,0,0,-0.01469123,0.9827683,-0.02558291,-0.1695205,0.778338,0.1358116
74.79704,5,0.1087289,0.6510848,0.2227475,0,0,-0.01510477,0.982085,-0.02555144,-0.1695214,0.7783701,0.1358336
74.80811,5,0.09749145,0.6539363,0.2428575,0,0,-0.01554906,0.9813834,-0.02559316,-0.1695177,0.7784184,0.135857
74.81937,5,0.08655744,0.6562083,0.2627892,0,0,-0.01603258,0.9807675,-0.02567714,-0.16951,0.7785052,0.1358699
74.83064,5,0.07601564,0.6579198,0.2826269,0,0,-0.01647913,0.9800274,-0.02584416,-0.1695001,0.7786361,0.1358832
74.84164,5,0.06592538,0.6589978,0.3024857,0,0,-0.0169692,0.9792526,-0.02604389,-0.16944,0.7787563,0.1358758
74.85365,5,0.05629672,0.6592917,0.3224878,0,0,-0.01734185,0.9783721,-0.02626598,-0.1693155,0.7788953,0.1358504
74.86407,5,0.04709107,0.6586133,0.3427324,0,0,-0.01795089,0.9775841,-0.02659988,-0.1692758,0.7790758,0.1358747
74.87567,5,0.0382483,0.6567976,0.3632802,0,0,-0.0185771,0.9766119,-0.02684724,-0.1692445,0.7791994,0.1358547
74.88654,5,0.02971795,0.6537497,0.3841556,0,0,-0.01912498,0.975719,-0.0271439,-0.1691551,0.7793269,0.1358281
74.89764,5,0.02148063,0.6494693,0.4053502,0,0,-0.01973808,0.9747869,-0.0276736,-0.1691339,0.7794559,0.1358298
74.91007,5,0.01355821,0.6440621,0.4268148,0,0,-0.02042389,0.9737247,-0.02797163,-0.169097,0.7795808,0.1357954
78.94118,6,0.1201686,1.232558,-0.6653193,0,0,-0.01962006,1.204236,-0.52891,-0.2040172,0.7784291,0.09113371
78.95221,6,0.1203057,1.232035,-0.6603546,0,0,-0.02024353,1.202589,-0.5343739,-0.2044574,0.7781563,0.09063053
78.96356,6,0.1188705,1.22912,-0.6571398,0,0,-0.02134347,1.201153,-0.5400832,-0.2049134,0.7778919,0.09019774
78.97439,6,0.1169588,1.227144,-0.6599144,0,0,-0.02242112,1.199584,-0.5456281,-0.2054354,0.7776607,0.08973926
78.98567,6,0.1141595,1.224198,-0.6669065,0,0,-0.02393425,1.198172,-0.5512402,-0.2059943,0.7773968,0.08934188
78.99701,6,0.1139479,1.222935,-0.6631982,0,0,-0.02550793,1.196675,-0.5570592,-0.2066044,0.7772157,0.08893025
79.00824,6,0.1138489,1.221652,-0.6563822,0,0,-0.02724016,1.195005,-0.5626448,-0.2071691,0.7770148,0.08848953
79.01936,6,0.1107145,1.219417,-0.6543841,0,0,-0.02892315,1.19347,-0.5680705,-0.207733,0.7768633,0.08804464
79.03059,6,0.1072501,1.217659,-0.6581721,0,0,-0.03065014,1.191869,-0.5735229,-0.2082203,0.7766834,0.08758473
79.04153,6,0.1039927,1.215268,-0.6662866,0,0,-0.03273964,1.190226,-0.5789944,-0.2087366,0.7765743,0.08715546
79.05278,6,0.1029735,1.214074,-0.6637598,0,0,-0.03469956,1.188484,-0.5844384,-0.2092575,0.7764774,0.08668071
79.064,6,0.1017827,1.213133,-0.657993,0,0,-0.03670049,1.186877,-0.589895,-0.2097791,0.7764003,0.0863179
79.07518,6,0.097374,1.212312,-0.6563632,0,0,-0.03881323,1.185218,-0.5950476,-0.2103285,0.7763164,0.08598292
79.08631,6,0.09476552,1.211123,-0.659115,0,0,-0.04046333,1.183437,-0.600386,-0.2107816,0.776285,0.08564126
79.09801,6,0.1028708,1.206263,-0.6677794,0,0,-0.04246175,1.181937,-0.6053667,-0.2112776,0.7762095,0.08533943
79.10909,6,0.105084,1.202867,-0.6681864,0,0,-0.04468596,1.180177,-0.6099466,-0.2117954,0.7762139,0.08503354
79.11987,6,0.1070235,1.19919,-0.6644841,0,0,-0.04670215,1.178694,-0.6143906,-0.2123674,0.7762232,0.0848034
79.13103,6,0.1083812,1.19532,-0.6558236,0,0,-0.04876316,1.177143,-0.6191083,-0.2128811,0.7762172,0.08452368
79.14248,6,0.1093485,1.191878,-0.6432684,0,0,-0.05040824,1.17596,-0.6233187,-0.2133785,0.7762873,0.08421946
79.15379,6,0.1086619,1.189418,-0.6254311,0,0,-0.05246532,1.17458,-0.6274067,-0.2137965,0.7763629,0.08403629
79.16516,6,0.1066714,1.187389,-0.6042551,0,0,-0.05447114,1.173159,-0.6311309,-0.214268,0.7764807,0.08385396
79.17556,6,0.1031535,1.186485,-0.5781052,0,0,-0.05657637,1.171465,-0.6346277,-0.2146401,0.7766111,0.08366692
79.18711,6,0.09880618,1.186264,-0.5480866,0,0,-0.05820143,1.169864,-0.6376644,-0.215048,0.7767476,0.08353579
79.19804,6,0.09381169,1.18734,-0.5126646,0,0,-0.05999386,1.16841,-0.6407133,-0.2152961,0.7768575,0.08346021
79.20964,6,0.08877756,1.188237,-0.4750461,0,0,-0.0617336,1.166972,-0.6432863,-0.215564,0.7770337,0.08336926
79.22078,6,0.0838929,1.188399,-0.4364358,0,0,-0.06317449,1.165853,-0.6454755,-0.2158015,0.7772378,0.08333284
79.23147,6,0.07883072,1.184577,-0.4043964,0,0,-0.06452751,1.164858,-0.6475621,-0.2160182,0.7774891,0.0833804
79.24263,6,0.07296784,1.176071,-0.3809079,0,0,-0.06596005,1.16377,-0.649099,-0.2162042,0.7776783,0.0833745
79.25414,6,0.06633919,1.164398,-0.3623745,0,0,-0.06734741,1.16333,-0.6502329,-0.2163818,0.7778917,0.08338058
79.26492,6,0.06038091,1.151998,-0.3430578,0,0,-0.06843531,1.162849,-0.6515418,-0.2165409,0.7781183,0.08337837
79.27634,6,0.05565308,1.139205,-0.3222247,0,0,-0.06945479,1.162304,-0.6522408,-0.2167177,0.778334,0.08336401
79.28751,6,0.05149795,1.125399,-0.3013688,0,0,-0.06997561,1.162169,-0.6527652,-0.2168374,0.7785376,0.08338124
79.29848,6,0.04769497,1.11042,-0.2808635,0,0,-0.07070625,1.162074,-0.653442,-0.216924,0.7786627,0.08343774
79.31081,6,0.04434372,1.094233,-0.2606404,0,0,-0.07122779,1.162184,-0.6530207,-0.2170491,0.7789234,0.08347636
79.32117,6,0.04152879,1.076679,-0.240629,0,0,-0.0715034,1.162044,-0.6529862,-0.2171174,0.7791546,0.08360338
79.33181,6,0.03934166,1.057547,-0.2207747,0,0,-0.07169664,1.16224,-0.6526233,-0.2171695,0.7794145,0.08379877
79.34336,6,0.0377833,1.036598,-0.2010902,0,0,-0.07169998,1.162554,-0.6521844,-0.2171329,0.7796969,0.08396256
79.35491,6,0.03671026,1.013627,-0.1817138,0,0,-0.07164824,1.162738,-0.6516761,-0.2170967,0.780054,0.08418006
79.36549,6,0.03589464,0.9885196,-0.1628459,0,0,-0.07142389,1.163193,-0.650653,-0.2170349,0.7804084,0.08439666
79.37688,6,0.03518242,0.9612429,-0.144646,0,0,-0.07118332,1.163833,-0.6494218,-0.2169128,0.7808154,0.08465844
79.38842,6,0.03458332,0.9317892,-0.1271383,0,0,-0.07090521,1.164522,-0.6481515,-0.2167766,0.7813146,0.08493531
79.39899,6,0.03434046,0.9002432,-0.1101084,0,0,-0.07021809,1.165581,-0.6463143,-0.2165904,0.7818325,0.0851742
79.41043,6,0.03493813,0.8668163,-0.0930305,0,0,-0.06963408,1.166582,-0.6449437,-0.2163157,0.7824594,0.08543265
79.42158,6,0.03697736,0.8321612,-0.07501665,0,0,-0.06880772,1.16755,-0.6431466,-0.2159803,0.7831786,0.08562642
79.43356,6,0.04083886,0.7972652,-0.0550634,0,0,-0.06819415,1.168665,-0.6411804,-0.2155364,0.7839175,0.085814
79.44358,6,0.0463174,0.7629887,-0.03267522,0,0,-0.06758428,1.169693,-0.6394154,-0.2150808,0.7847888,0.08598757
79.45506,6,0.05276606,0.7296291,-0.008049844,0,0,-0.06690872,1.170781,-0.6374673,-0.2146303,0.7856622,0.08614612
79.46593,6,0.05962959,0.6969799,0.01831327,0,0,-0.06626451,1.171863,-0.6355982,-0.214107,0.786507,0.08626699
79.47745,6,0.06665847,0.6648939,0.04616253,0,0,-0.06561279,1.172931,-0.6337479,-0.2136055,0.7873753,0.08638906
79.48872,6,0.07377955,0.6335523,0.07560164,0,0,-0.06489468,1.173959,-0.6318444,-0.2130293,0.7883014,0.08645678
79.49948,6,0.08089146,0.603576,0.1069749,0,0,-0.0642184,1.174979,-0.6299192,-0.2124535,0.7891542,0.08652747
79.51074,6,0.08774292,0.5759538,0.1406809,0,0,-0.06357324,1.175969,-0.6281422,-0.2118306,0.7900458,0.08655238
79.52206,6,0.0939114,0.5520822,0.1770612,0,0,-0.06277609,1.176984,-0.6262444,-0.2112719,0.7909352,0.08660889
79.5331,6,0.09874832,0.5337644,0.2162269,0,0,-0.0620991,1.177944,-0.6244694,-0.2106577,0.7917647,0.08664691
79.5442,6,0.1013634,0.523042,0.2577879,0,0,-0.06152654,1.178874,-0.6226963,-0.2100813,0.7926655,0.08669591
79.55554,6,0.1008765,0.52136,0.3005128,0,0,-0.0608325,1.179636,-0.621292,-0.2095237,0.7935753,0.08673847
79.56724,6,0.09709857,0.5281262,0.3426584,0,0,-0.06033504,1.18047,-0.6197015,-0.2088985,0.7944192,0.08667588
79.57782,6,0.0909505,0.5402399,0.3833462,0,0,-0.05978954,1.181321,-0.6182791,-0.2082937,0.7953765,0.08664465
79.58899,6,0.08366267,0.5541742,0.4229536,0,0,-0.05943215,1.182104,-0.616927,-0.2076678,0.7963607,0.0866189
79.60011,6,0.07601859,0.5676947,0.4620708,0,0,-0.05903792,1.182797,-0.6155618,-0.2070268,0.797308,0.08653748
83.28629,7,0.1988266,0.9427936,-0.5493013,0,0,0.03144038,0.8050182,-0.4774922,-0.2020403,0.7528493,0.1178675
83.29785,7,0.198214,0.9421096,-0.5439965,0,0,0.03183532,0.8034278,-0.4782457,-0.2020625,0.7528788,0.1178851
83.30893,7,0.1968322,0.9419556,-0.5352112,0,0,0.03226984,0.8017505,-0.4790715,-0.202013,0.7528811,0.1178582
83.3201,7,0.1937926,0.9441332,-0.5192514,0,0,0.03256857,0.8001426,-0.4799016,-0.2020251,0.7528239,0.1178721
83.33115,7,0.1899343,0.9471334,-0.4989018,0,0,0.03297389,0.7983537,-0.4808749,-0.2019794,0.7527556,0.1178322
83.34216,7,0.1847201,0.9532598,-0.4690534,0,0,0.03337085,0.7967591,-0.4816871,-0.2019642,0.752711,0.1178143
83.3531,7,0.1790001,0.9598578,-0.435647,0,0,0.03370905,0.7952454,-0.4825735,-0.2019546,0.752681,0.1178095
83.3644,7,0.1722136,0.9684649,-0.395131,0,0,0.03407383,0.7938215,-0.4832641,-0.2019566,0.7526674,0.1178045
83.37597,7,0.1651655,0.9763762,-0.3532266,0,0,0.03448641,0.792309,-0.4840673,-0.201928,0.752678,0.1178067
83.38669,7,0.1582837,0.9827567,-0.3119452,0,0,0.03484321,0.7909696,-0.4849497,-0.2019262,0.752651,0.1178136
83.39805,7,0.1526416,0.9845,-0.2771025,0,0,0.03526092,0.7896105,-0.485715,-0.2019323,0.7526794,0.1178173
83.40916,7,0.1483069,0.9813973,-0.2486855,0,0,0.03572178,0.7882251,-0.48649,-0.2019165,0.7526634,0.1178079
83.42031,7,0.1442429,0.9760596,-0.2219984,0,0,0.03630209,0.7869632,-0.4873732,-0.2019162,0.7526595,0.1178191
83.43166,7,0.1398902,0.9698662,-0.195048,0,0,0.03694379,0.7856257,-0.4881798,-0.2019346,0.752667,0.1178241
83.44254,7,0.1354429,0.9625838,-0.16857,0,0,0.03758824,0.7843412,-0.4889461,-0.2019264,0.7526487,0.1178257
83.45502,7,0.1310865,0.9539708,-0.1430726,0,0,0.03831398,0.7832419,-0.4898,-0.2019135,0.7526586,0.1178529
83.46507,7,0.1268812,0.9440703,-0.1185229,0,0,0.03903508,0.7820144,-0.4905297,-0.2019002,0.7526367,0.1178591
83.4762,7,0.1228232,0.9329376,-0.09474941,0,0,0.03984177,0.7809223,-0.4911995,-0.2018901,0.752628,0.1178893
83.48729,7,0.1189082,0.9205908,-0.0713895,0,0,0.04065394,0.7798953,-0.4919831,-0.2019044,0.7526179,0.1179288
83.49867,7,0.1151686,0.9070502,-0.04788605,0,0,0.04144084,0.778797,-0.4926026,-0.2018988,0.7526361,0.1179489
83.50984,7,0.1116748,0.8921261,-0.02364523,0,0,0.04218972,0.7776464,-0.4931403,-0.2018655,0.7526829,0.1179749
83.52109,7,0.1085953,0.8755233,0.001493156,0,0,0.04303253,0.7765819,-0.4937974,-0.2018256,0.7527625,0.1180121
83.53204,7,0.1060377,0.8569199,0.02724155,0,0,0.04367244,0.7754693,-0.4941522,-0.201797,0.7528875,0.1180568
83.54314,7,0.1040811,0.8361456,0.05317689,0,0,0.04424167,0.7743158,-0.4944648,-0.2017282,0.7530251,0.1180781
83.55444,7,0.1027819,0.8131219,0.07898083,0,0,0.04473913,0.7732482,-0.4948267,-0.2016345,0.7532338,0.1180913
83.56541,7,0.1021739,0.787756,0.1044706,0,0,0.04517531,0.772073,-0.4949194,-0.2015386,0.7535224,0.1180899
83.57677,7,0.1022181,0.7599649,0.1296567,0,0,0.04556131,0.7708802,-0.4948944,-0.2014322,0.7538875,0.1181184
83.58813,7,0.1027525,0.7296356,0.1548235,0,0,0.04594135,0.7698014,-0.4949553,-0.2012448,0.7543873,0.1181244
83.59884,7,0.1031649,0.6968824,0.1806444,0,0,0.04635012,0.7686412,-0.4947631,-0.2009762,0.7549736,0.1180704
83.61027,7,0.1023979,0.6621353,0.2079865,0,0,0.04676867,0.7675163,-0.4945396,-0.2006568,0.7554672,0.1179827
83.62152,7,0.0990338,0.6267619,0.2376968,0,0,0.04713607,0.766601,-0.4943749,-0.2001628,0.7559719,0.1177738
83.63268,7,0.09190893,0.5929098,0.2700871,0,0,0.04749429,0.7655677,-0.4938725,-0.1996481,0.7564427,0.1175216
83.64371,7,0.08091465,0.5631906,0.3046293,0,0,0.04786634,0.7645662,-0.493464,-0.1991324,0.7569083,0.117311
83.65516,7,0.06725319,0.5389118,0.3403203,0,0,0.04832184,0.7637405,-0.4929985,-0.1986028,0.7573863,0.1171112
83.66599,7,0.05233543,0.5205797,0.3763895,0,0,0.04879367,0.7628036,-0.4923871,-0.1980967,0.7579033,0.1169486
83.67722,7,0.03727751,0.5083032,0.4123096,0,0,0.04926836,0.7619407,-0.4918385,-0.1975988,0.7584823,0.116822
83.68882,7,0.02302439,0.5024093,0.4477015,0,0,0.04977298,0.7612436,-0.4913608,-0.1971054,0.7591931,0.1167209
87.0621,8,0.313792,0.7954273,-0.4197489,0,0,0.0940522,0.7961307,-0.3605756,-0.1914384,0.7564985,0.1259736
87.07297,8,0.3138017,0.7970255,-0.4155444,0,0,0.09505022,0.7962995,-0.3635169,-0.1914524,0.7565626,0.1258862
87.08443,8,0.3123066,0.8016064,-0.4124506,0,0,0.0961616,0.7965316,-0.3665016,-0.1914893,0.7566686,0.1257764
87.0954,8,0.3106554,0.8026169,-0.4145478,0,0,0.0972873,0.7967026,-0.3695905,-0.1915297,0.7567717,0.1256688
87.10657,8,0.3110849,0.8023369,-0.4190017,0,0,0.09836805,0.7968014,-0.3726054,-0.1915345,0.756853,0.1255252
87.11768,8,0.3128624,0.8006912,-0.4259867,0,0,0.09946871,0.7969359,-0.3757563,-0.1915653,0.7569425,0.1254133
87.12879,8,0.3121627,0.8030187,-0.4218288,0,0,0.1005657,0.7970008,-0.3788817,-0.1916039,0.7570342,0.1252919
87.1404,8,0.3129805,0.8076113,-0.4240049,0,0,0.1015246,0.7970145,-0.3820068,-0.1916513,0.7571152,0.1251739
87.15137,8,0.3126077,0.8080621,-0.426262,0,0,0.102494,0.7970847,-0.3852111,-0.1917267,0.7571968,0.125052
87.16241,8,0.3122963,0.8088332,-0.4285781,0,0,0.1033806,0.7969878,-0.388521,-0.1917669,0.7572638,0.1249005
87.17347,8,0.3125523,0.8077871,-0.4338081,0,0,0.1041355,0.7967989,-0.3918167,-0.1918138,0.7573273,0.1247458
87.18488,8,0.3116783,0.8097098,-0.4308404,0,0,0.1048245,0.7966839,-0.3951322,-0.191852,0.7574315,0.124604
87.19604,8,0.3104399,0.811984,-0.4271556,0,0,0.1055249,0.7962757,-0.3986164,-0.1918624,0.7574183,0.1243865
87.207,8,0.3084262,0.8156082,-0.4269628,0,0,0.1061209,0.7960979,-0.4020107,-0.1919364,0.7575035,0.1242269
87.21838,8,0.3069328,0.8172621,-0.4288566,0,0,0.1065279,0.7957584,-0.4053464,-0.1920079,0.7575936,0.1240602
87.22943,8,0.3050328,0.8180637,-0.4311951,0,0,0.1069266,0.7955232,-0.4085557,-0.1920715,0.7576613,0.1238757
87.24078,8,0.3043267,0.816173,-0.4363514,0,0,0.107227,0.7949991,-0.411815,-0.1921471,0.7577286,0.1237127
87.25186,8,0.303004,0.8141441,-0.4408526,0,0,0.1075563,0.7946053,-0.4151018,-0.1921988,0.7577968,0.1235404
87.26299,8,0.3002658,0.8147693,-0.437392,0,0,0.1077626,0.7939342,-0.418119,-0.1922637,0.7578903,0.1233692
87.27409,8,0.2971118,0.8169101,-0.4354321,0,0,0.1080139,0.7932422,-0.4211849,-0.1923523,0.7579634,0.1232186
87.28504,8,0.2964464,0.816956,-0.4378132,0,0,0.1081949,0.7924739,-0.4242399,-0.1924261,0.7580326,0.1230638
87.29636,8,0.2956915,0.8167967,-0.4404459,0,0,0.1084839,0.7914584,-0.4274522,-0.1925237,0.7581041,0.1229229
87.30811,8,0.2958108,0.8147131,-0.4460722,0,0,0.1086859,0.7903234,-0.4304755,-0.1926102,0.7581728,0.1227715
87.3197,8,0.2940127,0.8157123,-0.4415308,0,0,0.1089175,0.789277,-0.4334607,-0.1926681,0.7582688,0.1226143
87.33023,8,0.292291,0.8172832,-0.4363321,0,0,0.1089014,0.7880402,-0.4364163,-0.1927467,0.7583476,0.1224757
87.34125,8,0.2903972,0.819052,-0.4336372,0,0,0.1088344,0.7867332,-0.4392012,-0.1928158,0.7583928,0.1223119
87.35223,8,0.2893665,0.8192441,-0.4348636,0,0,0.1090202,0.7853309,-0.4418188,-0.192869,0.7584783,0.1221642
87.3633,8,0.2884074,0.8188539,-0.4367346,0,0,0.1089237,0.7841008,-0.4446141,-0.1929027,0.7584671,0.1220077
87.37466,8,0.288789,0.8161747,-0.4428224,0,0,0.1085824,0.7824854,-0.4469663,-0.192961,0.7585277,0.1218233
87.38588,8,0.2883711,0.8148935,-0.4466509,0,0,0.1080438,0.7808839,-0.4492602,-0.1930749,0.7585643,0.1216941
87.39711,8,0.2862531,0.8157124,-0.4448012,0,0,0.1076251,0.779205,-0.4514203,-0.1931536,0.7586724,0.1215501
87.4081,8,0.2826647,0.8202562,-0.4366218,0,0,0.1071612,0.7773163,-0.4533247,-0.1932027,0.7587411,0.1214166
87.41927,8,0.2786567,0.8266055,-0.4256907,0,0,0.1066867,0.775587,-0.4552866,-0.1932781,0.7587988,0.1213145
87.43075,8,0.2732399,0.8373643,-0.4096438,0,0,0.1061257,0.7737675,-0.4566113,-0.1933251,0.7588844,0.1211846
87.44162,8,0.2665733,0.8498968,-0.3908296,0,0,0.1056275,0.7719693,-0.4583277,-0.1933428,0.7589139,0.1210893
87.45264,8,0.2584915,0.8657675,-0.3675621,0,0,0.104918,0.7700671,-0.458974,-0.1934018,0.7589658,0.1209819
87.464,8,0.2501442,0.8829061,-0.3419012,0,0,0.1044186,0.7682515,-0.460048,-0.1934022,0.7590164,0.1209277
87.47521,8,0.2410789,0.903672,-0.3113285,0,0,0.1039377,0.7663671,-0.4607185,-0.1934151,0.7590752,0.1208626
87.48621,8,0.2315712,0.9242647,-0.2792724,0,0,0.1035867,0.7644942,-0.4614502,-0.1934358,0.759132,0.1208321
87.50069,8,0.2224288,0.9420251,-0.2488336,0,0,0.1034406,0.7626005,-0.4615802,-0.193411,0.7592381,0.1208011
87.50848,8,0.2153108,0.9531419,-0.2245983,0,0,0.1032201,0.7607349,-0.4618465,-0.1933616,0.7592979,0.1208162
87.52045,8,0.2098876,0.9587246,-0.205282,0,0,0.1031661,0.7591611,-0.4617473,-0.1933521,0.7593679,0.1208267
87.53217,8,0.2047231,0.9621177,-0.1866783,0,0,0.1032156,0.7575278,-0.461568,-0.1932456,0.7593631,0.1207858
87.54211,8,0.1991125,0.9648325,-0.1670888,0,0,0.1033057,0.7558837,-0.4613556,-0.1931469,0.7594084,0.1207781
87.55331,8,0.1932705,0.9669314,-0.1468954,0,0,0.1034731,0.7542927,-0.4612762,-0.193036,0.7594258,0.1207653
87.56441,8,0.1875045,0.9678877,-0.1267232,0,0,0.1037722,0.7529761,-0.4607971,-0.193001,0.7594699,0.1208056
87.57571,8,0.1820079,0.9674181,-0.1067322,0,0,0.1038924,0.7514653,-0.4605497,-0.19292,0.7595102,0.1208428
87.58717,8,0.1768919,0.9654502,-0.08672493,0,0,0.104098,0.7503688,-0.459807,-0.192794,0.7595704,0.1208407
87.59853,8,0.172289,0.9618724,-0.06649689,0,0,0.1042513,0.7491736,-0.4591836,-0.1926439,0.7596385,0.1208355
87.60951,8,0.1683372,0.9564978,-0.04602999,0,0,0.104354,0.7478775,-0.4585463,-0.1925099,0.7597488,0.1208299
87.62033,8,0.165174,0.9491456,-0.02546472,0,0,0.1045201,0.7468175,-0.4579071,-0.1923702,0.7598642,0.1208359
87.63177,8,0.1629249,0.9396783,-0.004929947,0,0,0.1047268,0.7458503,-0.4572755,-0.1922811,0.7600969,0.1209079
87.64268,8,0.1616345,0.9280569,0.01556816,0,0,0.1048881,0.7449248,-0.4564723,-0.1921742,0.7602971,0.1209561
87.65386,8,0.1612297,0.9143718,0.03621889,0,0,0.1050175,0.7441446,-0.455629,-0.192055,0.7605441,0.1210153
87.66521,8,0.1614022,0.8988512,0.05736709,0,0,0.1051668,0.7432778,-0.4547799,-0.1918598,0.7608569,0.1210299
87.67604,8,0.161525,0.8818983,0.07939764,0,0,0.105255,0.7424204,-0.4538153,-0.19162,0.7611626,0.1210148
87.68729,8,0.1605854,0.863996,0.1024977,0,0,0.1053914,0.7416973,-0.4529941,-0.1912835,0.7615505,0.1209813
87.69868,8,0.1575272,0.8455564,0.126468,0,0,0.1056206,0.7410631,-0.4521888,-0.1908558,0.7618604,0.1208444
87.70972,8,0.1517266,0.8267111,0.1506668,0,0,0.1057415,0.7403535,-0.4512616,-0.1904291,0.7622293,0.1207339
87.72175,8,0.1434048,0.8072529,0.1743735,0,0,0.1058804,0.7399946,-0.4503669,-0.1900252,0.7625953,0.1206282
87.7321,8,0.1332878,0.7868295,0.197227,0,0,0.1060565,0.7396362,-0.4495034,-0.1895626,0.7629814,0.1204762
87.74318,8,0.1219917,0.765172,0.2191361,0,0,0.106091,0.7390507,-0.4485528,-0.1891776,0.7633979,0.1203758
87.75468,8,0.1098722,0.7421222,0.2401384,0,0,0.1061815,0.7388318,-0.4476181,-0.1887457,0.7638745,0.1202606
87.76554,8,0.09708891,0.7176179,0.2602588,0,0,0.1063207,0.738461,-0.4467781,-0.1883158,0.7644469,0.1201666
87.77675,8,0.08371592,0.6916553,0.2794573,0,0,0.1063831,0.7380919,-0.4459311,-0.187866,0.7649226,0.1200397
87.7881,8,0.06978472,0.6643422,0.2976881,0,0,0.106517,0.7379096,-0.4452107,-0.1873394,0.7653811,0.119859
87.79925,8,0.05526702,0.6358829,0.3148593,0,0,0.1066165,0.7377332,-0.4443781,-0.1868837,0.7658697,0.1197203
87.81052,8,0.04005229,0.6067609,0.3308508,0,0,0.1066436,0.7375759,-0.4435334,-0.1864596,0.7663106,0.1195958
87.8216,8,0.02400534,0.5779296,0.3454128,0,0,0.1066195,0.7374465,-0.4427955,-0.1860258,0.7667935,0.1194683
87.83266,8,0.006981293,0.5511796,0.3582251,0,0,0.1066734,0.7372785,-0.4420501,-0.185535,0.7672912,0.1192777
87.8437,8,-0.01088301,0.5298599,0.3693017,0,0,0.1066898,0.7371026,-0.4414353,-0.1850131,0.767873,0.1191057
87.85565,8,-0.02856402,0.5181607,0.3798149,0,0,0.1067436,0.7369339,-0.4409456,-0.184467,0.7685471,0.1189252
87.86653,8,-0.04442537,0.5165304,0.3920085,0,0,0.1067823,0.736797,-0.4404018,-0.1839311,0.7691565,0.1187336
87.87721,8,-0.05816323,0.5205758,0.406273,0,0,0.1068026,0.7366409,-0.4398421,-0.1834544,0.7698339,0.1185996
87.88881,8,-0.07024773,0.5273019,0.4217948,0,0,0.1070662,0.7365174,-0.4393051,-0.1829048,0.7704982,0.1184256
87.89956,8,-0.0807699,0.5359417,0.4381121,0,0,0.1070995,0.7364209,-0.4389995,-0.182359,0.7710697,0.1182454
87.91119,8,-0.08949447,0.5463758,0.4547044,0,0,0.1071841,0.7364645,-0.4386808,-0.1818438,0.7716748,0.1180564
87.92255,8,-0.09593826,0.5589374,0.4709437,0,0,0.1067035,0.7367371,-0.4382637,-0.181408,0.7722498,0.1179057
87.93332,8,-0.1005552,0.5726044,0.4861198,0,0,0.1066566,0.7366791,-0.4377922,-0.1809514,0.7727851,0.1176788
87.94439,8,-0.1035574,0.5865566,0.5002312,0,0,0.1064432,0.7365161,-0.4373398,-0.1804919,0.7733133,0.1175334
87.95564,8,-0.1057294,0.5996076,0.513168,0,0,0.1062804,0.7366246,-0.4369551,-0.1800408,0.7738007,0.1173689
87.96689,8,-0.1075684,0.6110026,0.5253133,0,0,0.1061641,0.7366525,-0.4365565,-0.1796106,0.7742864,0.1172019
87.97786,8,-0.1090949,0.620629,0.5365309,0,0,0.1060073,0.7365689,-0.4361129,-0.1792368,0.7747005,0.117076
87.98879,8,-0.1104091,0.6283918,0.5466531,0,0,0.1059265,0.7366344,-0.4358112,-0.1789527,0.7750571,0.1169965
88.00008,8,-0.111953,0.6339474,0.5560895,0,0,0.105842,0.7367043,-0.4355541,-0.1787398,0.7754655,0.1169782
88.01143,8,-0.1134765,0.6375097,0.5647016,0,0,0.1057357,0.7367638,-0.435245,-0.1785493,0.7757697,0.116942
88.02246,8,-0.1149761,0.639164,0.5724713,0,0,0.1055743,0.7369102,-0.4349437,-0.1783876,0.7760285,0.1169196
88.03454,8,-0.1163114,0.6391715,0.5792001,0,0,0.1054684,0.7371022,-0.4346004,-0.1782317,0.77635,0.1169217
88.04507,8,-0.1171658,0.6380036,0.5846286,0,0,0.1052949,0.7372283,-0.4341742,-0.1780443,0.7766277,0.1168941
88.05597,8,-0.116652,0.6368672,0.587791,0,0,0.1051944,0.7374707,-0.4338114,-0.1779264,0.7768279,0.1168844
88.06731,8,-0.1144319,0.6369908,0.5882216,0,0,0.1051145,0.7377199,-0.4333916,-0.1777872,0.7770535,0.1168655
88.07848,8,-0.1100765,0.6392753,0.5860962,0,0,0.1050276,0.7379915,-0.4329399,-0.1776201,0.7772266,0.1168355
88.08955,8,-0.1040607,0.6439441,0.5821445,0,0,0.1051401,0.7384065,-0.4324093,-0.1774087,0.7774206,0.1167834
88.10069,8,-0.09781848,0.6490448,0.5774272,0,0,0.1051252,0.7387805,-0.4319714,-0.1772501,0.7776186,0.1167821
88.11192,8,-0.09156488,0.6534056,0.5723259,0,0,0.1051387,0.7391684,-0.4314361,-0.1770391,0.7778045,0.1167226
88.12326,8,-0.08536126,0.6569912,0.5668228,0,0,0.1051518,0.7395631,-0.4309131,-0.176814,0.7779807,0.1166629
88.13464,8,-0.07940562,0.6601093,0.5605347,0,0,0.1051829,0.7399373,-0.4304512,-0.1766188,0.7781788,0.1166304
88.14552,8,-0.07404115,0.6629143,0.5530541,0,0,0.1051863,0.7402556,-0.4299147,-0.1764258,0.7783769,0.1165971
95.79621,9,0.316903,0.763606,-0.3957874,0,0,0.09347224,0.8103656,-0.4335909,-0.1923528,0.7619064,0.1216182
95.80756,9,0.3154195,0.7638547,-0.397784,0,0,0.09413254,0.8080071,-0.4387915,-0.1924764,0.7618998,0.1213712
95.81941,9,0.31925,0.759454,-0.3911912,0,0,0.09467959,0.8056123,-0.4440522,-0.1926182,0.7619346,0.1211437
95.83074,9,0.3212393,0.7578642,-0.3799985,0,0,0.09523952,0.8030412,-0.4493681,-0.1927851,0.7619671,0.1208915
95.84087,9,0.3219174,0.7585196,-0.3651064,0,0,0.09577262,0.8003962,-0.4546623,-0.1929312,0.762,0.1206166
95.85213,9,0.3213301,0.7617865,-0.346541,0,0,0.09620261,0.7974111,-0.4601797,-0.193041,0.7620434,0.1203359
95.86315,9,0.3196432,0.7678407,-0.324532,0,0,0.09645724,0.7940743,-0.4659141,-0.193169,0.762027,0.1200294
95.87442,9,0.3171684,0.7761139,-0.2999012,0,0,0.09635055,0.7906522,-0.4715343,-0.1933375,0.7620594,0.1197568
95.88583,9,0.3114131,0.7964261,-0.2650513,0,0,0.09607935,0.787181,-0.4768126,-0.1935064,0.7620628,0.1194643
95.8968,9,0.3040273,0.8209305,-0.2257892,0,0,0.09579575,0.7836276,-0.4822623,-0.1936852,0.7621214,0.1192061
95.908,9,0.2967521,0.8440289,-0.1869028,0,0,0.09493184,0.7795184,-0.4872825,-0.1938596,0.7621408,0.118906
95.91911,9,0.2894026,0.8665838,-0.1475597,0,0,0.09415448,0.7755806,-0.4922251,-0.1940235,0.7621624,0.1185834
95.93009,9,0.2827379,0.8859046,-0.1096608,0,0,0.09313202,0.7713481,-0.4972659,-0.1941764,0.762167,0.1182481
95.94161,9,0.2770039,0.9010335,-0.07388903,0,0,0.09198213,0.7669468,-0.5021793,-0.1943503,0.7622243,0.1178991
95.95246,9,0.2718594,0.9137929,-0.03868387,0,0,0.09089053,0.7625719,-0.5069751,-0.1945745,0.7623019,0.1175878
95.96386,9,0.26746,0.9245209,-0.003856905,0,0,0.08929336,0.757955,-0.5114512,-0.1947787,0.7623969,0.1172934
95.97507,9,0.2640384,0.9332312,0.03040044,0,0,0.0874871,0.7531471,-0.5155147,-0.1949566,0.7625165,0.1169536
95.98649,9,0.2617844,0.9401524,0.06400943,0,0,0.08554173,0.7483991,-0.5191137,-0.1951114,0.7626004,0.1166285
95.99719,9,0.260904,0.9454556,0.09672032,0,0,0.08349645,0.7436553,-0.5223578,-0.1952486,0.7626584,0.1163202
96.00837,9,0.2615655,0.9490683,0.1280626,0,0,0.08169138,0.7389511,-0.5258338,-0.195334,0.7627154,0.1160172
96.01962,9,0.2638376,0.9506634,0.1576371,0,0,0.07956231,0.7342587,-0.5276183,-0.1953734,0.7627667,0.1156816
96.03113,9,0.2676973,0.9499847,0.1852752,0,0,0.07782006,0.7295574,-0.5294219,-0.1953983,0.7627967,0.1154761
96.04176,9,0.2730667,0.94701,0.2109535,0,0,0.07600498,0.7247295,-0.5304983,-0.1954751,0.7627917,0.1153103
96.05307,9,0.2797556,0.9419763,0.2348653,0,0,0.0744803,0.7201052,-0.5317651,-0.1954851,0.7628154,0.1151674
96.06427,9,0.2873787,0.9353147,0.2574177,0,0,0.0733943,0.715646,-0.5315715,-0.1955068,0.7628666,0.1150448
96.07691,9,0.2963709,0.9262827,0.2787272,0,0,0.0722878,0.7112097,-0.5318847,-0.1954423,0.7628598,0.1150364
96.08645,9,0.3061013,0.9163746,0.2999575,0,0,0.07140851,0.7070291,-0.5314633,-0.1953777,0.7628812,0.1149732
96.09792,9,0.3151549,0.9065052,0.3235526,0,0,0.07086635,0.7032346,-0.5303637,-0.1953043,0.7628856,0.114986
96.1092,9,0.3222013,0.8961476,0.3502605,0,0,0.07067788,0.6996551,-0.5290043,-0.195142,0.7628701,0.1150346
96.12043,9,0.3269751,0.8843188,0.378989,0,0,0.07069468,0.6965133,-0.5273331,-0.1949588,0.7628168,0.1151037
96.13161,9,0.3291067,0.8703994,0.408953,0,0,0.07107151,0.6938027,-0.5250884,-0.1947588,0.7627704,0.1151675
96.14279,9,0.329091,0.8541869,0.4392268,0,0,0.07144713,0.6910449,-0.5229784,-0.1944956,0.762704,0.1152502
96.1545,9,0.3277597,0.8358517,0.4692754,0,0,0.07231534,0.6888243,-0.5202527,-0.1942172,0.7627016,0.1153345
96.1658,9,0.3252131,0.8156055,0.4989518,0,0,0.07330835,0.6867374,-0.5173199,-0.1939066,0.7626245,0.1154586
96.17632,9,0.3212367,0.7936659,0.5281533,0,0,0.07421267,0.6846271,-0.514495,-0.1936123,0.7626083,0.1156528
96.18802,9,0.3154193,0.7702791,0.5567424,0,0,0.07556915,0.6833959,-0.5109957,-0.1933451,0.7626693,0.115862
96.19868,9,0.3071158,0.7459526,0.5844461,0,0,0.07665551,0.68199,-0.507656,-0.1929578,0.762743,0.1161177
96.20979,9,0.2956717,0.7214149,0.6109464,0,0,0.07804716,0.6811136,-0.5041131,-0.192564,0.7628596,0.1163279
96.22155,9,0.2808205,0.6974893,0.635671,0,0,0.07947779,0.6805,-0.5006326,-0.1921566,0.7630356,0.1165596
96.23209,9,0.2626778,0.6750051,0.6578574,0,0,0.08087575,0.6801375,-0.4970456,-0.1917161,0.7633218,0.1167637
96.24357,9,0.2415423,0.6550226,0.676271,0,0,0.08233619,0.679683,-0.4937192,-0.1911991,0.7636542,0.116919
96.25498,9,0.2182281,0.6390235,0.6891175,0,0,0.08373141,0.6796001,-0.4903606,-0.1905293,0.7640947,0.1169935
96.26591,9,0.1946682,0.6282658,0.6950952,0,0,0.08502662,0.6797771,-0.4868315,-0.189858,0.7645245,0.1170389
96.27717,9,0.1731258,0.6225952,0.6951361,0,0,0.08635128,0.6797916,-0.4835966,-0.1890265,0.7649155,0.1169601
96.28832,9,0.1544942,0.6205754,0.6917573,0,0,0.08768702,0.6802925,-0.4806367,-0.1882186,0.7653204,0.1168846
96.29932,9,0.1385642,0.6208693,0.6868691,0,0,0.08878672,0.6805128,-0.4773951,-0.1874525,0.7656286,0.1167621
96.31033,9,0.1250003,0.6227677,0.6814135,0,0,0.08981764,0.6807721,-0.4745957,-0.186808,0.7659694,0.1167631
96.32195,9,0.1136065,0.6260498,0.6758245,0,0,0.09090197,0.6811805,-0.4720107,-0.1861538,0.7663755,0.1167567
96.33267,9,0.1042383,0.6307653,0.6703473,0,0,0.09167874,0.6815749,-0.4691713,-0.1855226,0.7668357,0.1167711
96.34378,9,0.09667204,0.637022,0.6652036,0,0,0.09252524,0.6819153,-0.4665349,-0.1847758,0.7673641,0.1167281
96.355,9,0.09053983,0.6447801,0.6606445,0,0,0.09335113,0.682453,-0.4641384,-0.1840357,0.7678419,0.1166496
96.36644,9,0.08538067,0.6537347,0.6568828,0,0,0.09382963,0.6828258,-0.4614801,-0.1833519,0.7683324,0.1165857
96.37723,9,0.08078055,0.6634016,0.6540135,0,0,0.094414,0.6832078,-0.4590248,-0.18275,0.7687388,0.1165435
96.38869,9,0.07643208,0.6733064,0.6520405,0,0,0.09466612,0.6836832,-0.4570841,-0.1821689,0.7690845,0.1165006
96.39998,9,0.0721228,0.6830678,0.650919,0,0,0.09504902,0.6839325,-0.4547032,-0.1816799,0.7694004,0.11641
96.41119,9,0.06770767,0.6923802,0.6505768,0,0,0.09544039,0.6840549,-0.4526768,-0.1811871,0.7697473,0.1164081
96.4221,9,0.06309178,0.7009727,0.650919,0,0,0.09559214,0.6842623,-0.4509306,-0.1807689,0.7701262,0.1164178
96.43301,9,0.05821809,0.7086007,0.6518427,0,0,0.09588921,0.6844094,-0.448814,-0.1803265,0.7705882,0.1163757
96.44434,9,0.05305337,0.7150667,0.6532634,0,0,0.09616077,0.6846129,-0.4469807,-0.1798632,0.7709675,0.1163718
96.45531,9,0.04757324,0.7202303,0.6551368,0,0,0.09617341,0.6850307,-0.4453274,-0.1795013,0.7713166,0.1164012
96.46695,9,0.04176311,0.7240048,0.6574309,0,0,0.09632182,0.6853859,-0.4433039,-0.179256,0.7716667,0.1164556
96.47811,9,0.0355951,0.7263514,0.6601551,0,0,0.09484613,0.6835235,-0.43843,-0.1790688,0.7718883,0.1165619
96.48918,9,0.02914129,0.7270177,0.6631872,0,0,0.09468555,0.6838285,-0.4369043,-0.1788259,0.772046,0.1167983
96.50015,9,0.02249872,0.7258388,0.6664861,0,0,0.09473765,0.6840256,-0.4353001,-0.178693,0.772261,0.1168531
96.51156,9,0.01572977,0.7228413,0.670213,0,0,0.09465027,0.683929,-0.4334315,-0.1785054,0.7724929,0.1169362
96.52283,9,0.008870507,0.7180598,0.6745499,0,0,0.09470522,0.6840794,-0.4320711,-0.1784104,0.7727028,0.1170738
96.5338,9,0.001930351,0.711425,0.6795526,0,0,0.09473717,0.6842381,-0.4306256,-0.1783038,0.7729952,0.1171924
96.54481,9,-0.005212063,0.7029582,0.6852424,0,0,0.09477961,0.684468,-0.4291764,-0.1782032,0.7731904,0.117295
96.55623,9,-0.01275024,0.6927427,0.6915894,0,0,0.09489751,0.684585,-0.4282022,-0.1781178,0.773386,0.117399
96.56812,9,-0.02092461,0.6810187,0.6984854,0,0,0.09497333,0.6846886,-0.4267867,-0.1780518,0.7734749,0.1174449
96.57941,9,-0.03006218,0.668146,0.7057688,0,0,0.09505737,0.6848943,-0.4255794,-0.1779037,0.773657,0.1175211
96.58961,9,-0.04042889,0.6546487,0.7130578,0,0,0.09503019,0.6852895,-0.4240981,-0.1778323,0.7737786,0.1175795
96.60077,9,-0.05220399,0.6410914,0.7198051,0,0,0.09492409,0.6854186,-0.4227344,-0.1777137,0.7739912,0.1176596
96.61181,9,-0.06524684,0.6280529,0.7253242,0,0,0.0948379,0.6855991,-0.4214815,-0.1775049,0.774166,0.1176636
96.62301,9,-0.07919199,0.6159831,0.7290151,0,0,0.0947113,0.6858404,-0.4201778,-0.1772464,0.7744038,0.1176337
96.63436,9,-0.09342643,0.6054118,0.7303624,0,0,0.09455442,0.6858966,-0.4188341,-0.176969,0.7746994,0.1175909
96.64553,9,-0.1072397,0.5969236,0.7288949,0,0,0.09431958,0.6859592,-0.4175621,-0.1766462,0.7750115,0.1175357
96.65658,9,-0.1195332,0.5910915,0.724441,0,0,0.09419489,0.6860595,-0.4162239,-0.1763215,0.7754313,0.1174807
96.66773,9,-0.1294469,0.5880166,0.7172025,0,0,0.09419131,0.6860921,-0.4150276,-0.1759362,0.7758633,0.1174316
96.67887,9,-0.1366425,0.5871685,0.7078125,0,0,0.09412718,0.6859773,-0.4136742,-0.1755248,0.7762976,0.1173545
96.69018,9,-0.1410228,0.5881708,0.6967922,0,0,0.09427702,0.6858646,-0.412433,-0.1750795,0.7767078,0.1172597
96.70156,9,-0.1424906,0.5908906,0.6844822,0,0,0.0943644,0.6855978,-0.4111092,-0.1746703,0.7771118,0.1172012
96.71229,9,-0.1409094,0.5953006,0.6711815,0,0,0.09434831,0.6852695,-0.4097892,-0.1742216,0.7774936,0.1171231
96.72372,9,-0.1372121,0.6004416,0.6575128,0,0,0.0946908,0.6847982,-0.4086431,-0.1737602,0.7778523,0.1170387
96.73473,9,-0.1325829,0.6051122,0.6439003,0,0,0.09485531,0.684554,-0.4074911,-0.1733019,0.778143,0.1169467
96.74622,9,-0.1274939,0.6087007,0.630456,0,0,0.0950644,0.6841606,-0.4062089,-0.1728477,0.7784489,0.116841
96.75694,9,-0.121984,0.6112867,0.6171859,0,0,0.09518671,0.6839731,-0.4048879,-0.1723356,0.7787565,0.1167354
96.76842,9,-0.1160809,0.6129888,0.6040645,0,0,0.09528303,0.6836457,-0.40367,-0.1719884,0.7790952,0.1167154
96.77942,9,-0.1097614,0.6142501,0.5910044,0,0,0.09536433,0.6833256,-0.4025429,-0.1716351,0.7793376,0.11664
96.7906,9,-0.103133,0.6154745,0.577967,0,0,0.09544384,0.6829506,-0.4015638,-0.1712977,0.779578,0.1165736
96.80199,9,-0.09653886,0.6164098,0.5649275,0,0,0.09554303,0.6825677,-0.4007219,-0.1710464,0.7798471,0.1165639
96.813,9,-0.09019403,0.6168318,0.5518793,0,0,0.09549654,0.6819334,-0.3997573,-0.170805,0.7800453,0.116531
96.82413,9,-0.08422158,0.6162962,0.5388282,0,0,0.09549987,0.6813112,-0.3992764,-0.1705816,0.7802143,0.1165112
99.85107,10,0.3285948,0.7236245,-0.3622577,0,0,0.09339917,0.7648878,-0.3718193,-0.1857965,0.7618052,0.1247266
99.86179,10,0.3266508,0.7256115,-0.3606062,0,0,0.09362137,0.7655036,-0.3786803,-0.1860117,0.7619168,0.1243701
99.87298,10,0.3247325,0.7299137,-0.3551399,0,0,0.09369493,0.7660708,-0.3855189,-0.1862136,0.7620381,0.1239893
99.88397,10,0.3225408,0.7347507,-0.3474221,0,0,0.09370267,0.7665659,-0.3922681,-0.1863949,0.7621774,0.1235819
99.89538,10,0.31794,0.7427676,-0.3356723,0,0,0.09337759,0.7669157,-0.3992591,-0.1866264,0.7623397,0.1232015
99.90652,10,0.3120272,0.7519335,-0.3219551,0,0,0.09264863,0.7670119,-0.4060866,-0.1868588,0.7624885,0.1227701
99.91754,10,0.3031219,0.7652711,-0.3039545,0,0,0.09179759,0.7670329,-0.4128479,-0.1871761,0.7626571,0.1223761
99.92889,10,0.2785217,0.800276,-0.2586738,0,0,0.09100819,0.7669597,-0.4196781,-0.1874453,0.7628211,0.1219557
99.94004,10,0.2631938,0.8208449,-0.2322667,0,0,0.0898329,0.7665439,-0.426414,-0.1877129,0.7630026,0.1215468
99.95126,10,0.2470784,0.8417018,-0.2046422,0,0,0.08859956,0.7660033,-0.433162,-0.1879532,0.7631744,0.1211053
99.96243,10,0.2318503,0.8598083,-0.1782288,0,0,0.08734703,0.765252,-0.439876,-0.1882405,0.7633172,0.1206783
99.9734,10,0.2182367,0.8724236,-0.1555152,0,0,0.08607161,0.764377,-0.4465567,-0.1885164,0.7635145,0.12027
99.98518,10,0.2058346,0.8801164,-0.1359925,0,0,0.08466578,0.7632461,-0.453016,-0.1887495,0.7636844,0.1198282
99.99626,10,0.1941767,0.8847046,-0.1178879,0,0,0.08323145,0.762114,-0.4595734,-0.1889908,0.7637618,0.1193591
100.0072,10,0.1830553,0.8869674,-0.1005178,0,0,0.08152413,0.7606238,-0.4657979,-0.1892335,0.7639164,0.1188932
100.0192,10,0.1722553,0.8874488,-0.08352685,0,0,0.07981157,0.7589196,-0.4717349,-0.1894531,0.7640638,0.118441
100.0294,10,0.1615755,0.8870485,-0.06633212,0,0,0.07794142,0.7570975,-0.4774817,-0.1896969,0.7641954,0.1180257
100.0407,10,0.1507336,0.8862534,-0.04868677,0,0,0.07610798,0.7552512,-0.4830829,-0.1899843,0.7643498,0.1176258
100.0517,10,0.1397409,0.8844425,-0.03093805,0,0,0.07406819,0.7531177,-0.4882106,-0.1903041,0.7645395,0.1172714
100.063,10,0.1287107,0.8810263,-0.01329731,0,0,0.0721668,0.7508427,-0.4929625,-0.1906241,0.764721,0.1169255
100.0742,10,0.1177646,0.8758496,0.004443178,0,0,0.070328,0.7483479,-0.4973444,-0.1908717,0.7649091,0.116591
100.0854,10,0.1069677,0.8688167,0.02249508,0,0,0.06856918,0.7459743,-0.5017827,-0.1911176,0.7650548,0.1162981
100.0975,10,0.09639471,0.8597075,0.04088016,0,0,0.0670104,0.7433754,-0.5054073,-0.1913384,0.7652566,0.1159921
100.1074,10,0.08603101,0.8482651,0.05945028,0,0,0.06549716,0.7408965,-0.5090456,-0.1914837,0.7653824,0.1157094
100.1191,10,0.0758077,0.8342814,0.07804243,0,0,0.06455159,0.7383052,-0.5113736,-0.1916024,0.7655452,0.1154258
100.1301,10,0.06564977,0.8176244,0.09657052,0,0,0.06362033,0.7358239,-0.5136731,-0.1916708,0.7656245,0.11525
100.1413,10,0.05550748,0.7982786,0.1150467,0,0,0.06296468,0.7334232,-0.5154688,-0.1917385,0.7657273,0.1150807
100.1522,10,0.04539864,0.7763208,0.133595,0,0,0.06263661,0.7312262,-0.51685,-0.1918205,0.7657746,0.1149708
100.1637,10,0.0353695,0.7520478,0.1523826,0,0,0.06222641,0.7292072,-0.5181267,-0.1918101,0.7658038,0.1148604
100.1748,10,0.02557724,0.7259098,0.171606,0,0,0.06230044,0.7273805,-0.5185145,-0.1918058,0.7658475,0.1147479
100.1862,10,0.01629827,0.6986261,0.1914193,0,0,0.06248426,0.725786,-0.5185496,-0.1917843,0.7658342,0.1147187
100.1971,10,0.007871857,0.6714132,0.2117982,0,0,0.06282818,0.72442,-0.5180719,-0.1917143,0.7657729,0.1146789
100.2082,10,0.0007349607,0.6459018,0.2323411,0,0,0.06312239,0.7230873,-0.5176934,-0.1916456,0.7657141,0.1147099
100.2194,10,-0.004906895,0.6235663,0.252193,0,0,0.06382537,0.7221388,-0.5165079,-0.1915835,0.7656959,0.1147434
100.2311,10,-0.009517635,0.6046667,0.2701689,0,0,0.06457901,0.721315,-0.5148715,-0.191458,0.7656093,0.1148178
100.2417,10,-0.01378254,0.5877827,0.2862147,0,0,0.06532109,0.7204602,-0.5133532,-0.1913258,0.7656047,0.1149572
100.2529,10,-0.01796107,0.5719998,0.300678,0,0,0.06654072,0.7201041,-0.5108013,-0.1912216,0.7655791,0.115102
100.2641,10,-0.02210906,0.5573798,0.3135926,0,0,0.06753767,0.7199082,-0.5081043,-0.1910482,0.7655468,0.1153563
100.2754,10,-0.0262935,0.5442006,0.3249354,0,0,0.0685674,0.719466,-0.5058091,-0.1908516,0.7655457,0.1155865
100.2864,10,-0.03056403,0.5325801,0.3348856,0,0,0.06961751,0.7195525,-0.5030079,-0.1906591,0.7655651,0.1157951
100.2976,10,-0.03494201,0.5229033,0.3436724,0,0,0.07077873,0.7197094,-0.5001553,-0.1904341,0.7656223,0.1160295
100.3087,10,-0.03945088,0.5165409,0.3517404,0,0,0.07189238,0.7198762,-0.4974214,-0.190152,0.7657065,0.1162472
100.3203,10,-0.0441191,0.5158221,0.360219,0,0,0.0731144,0.7204754,-0.4945365,-0.1898784,0.7658726,0.1164609
100.331,10,-0.04895404,0.5222564,0.3711821,0,0,0.07415903,0.7211443,-0.4915029,-0.1895763,0.7661421,0.1166924
100.3422,10,-0.05391847,0.5338209,0.3857645,0,0,0.07522249,0.7219907,-0.4885641,-0.1892215,0.7664387,0.1168691
100.354,10,-0.05894139,0.5467421,0.4027541,0,0,0.0763942,0.7230738,-0.4857992,-0.188781,0.7667966,0.1169934
100.3643,10,-0.06395444,0.5590178,0.4208266,0,0,0.07725477,0.7242728,-0.4827794,-0.1882555,0.7673573,0.1170917
100.3757,10,-0.06893462,0.5700322,0.4394888,0,0,0.07811129,0.7254839,-0.4799472,-0.1876871,0.7678614,0.1171328
139.1234,11,0.2887147,0.7510458,-0.02524211,0,0,0.1465567,0.8595277,-0.2080194,-0.167402,0.7688378,0.1274445
139.1345,11,0.3277482,0.7497381,-0.04135798,0,0,0.1573352,0.8568974,-0.2332497,-0.1670854,0.7690054,0.126629
139.1459,11,0.3636649,0.7501622,-0.05581159,0,0,0.1613545,0.8547622,-0.257486,-0.1665657,0.769296,0.125254
139.157,11,0.3962307,0.7533686,-0.06754825,0,0,0.1659755,0.8523825,-0.280133,-0.1659777,0.7697675,0.1234725
139.1688,11,0.4253459,0.7605069,-0.07534081,0,0,0.1596947,0.8524151,-0.2994466,-0.1651707,0.7702466,0.1219307
139.1795,11,0.4512345,0.7725257,-0.07812492,0,0,0.1560211,0.8518578,-0.3168052,-0.1644515,0.7709561,0.1200625
139.1905,11,0.474416,0.7899836,-0.07531826,0,0,0.1547412,0.8503796,-0.3336505,-0.1638134,0.7715408,0.1185949
139.2016,11,0.4956009,0.8127277,-0.06694463,0,0,0.1518483,0.847381,-0.3480874,-0.1634348,0.7721602,0.1175065
139.2134,11,0.5155379,0.839565,-0.05374869,0,0,0.1492883,0.8435973,-0.3597158,-0.1633957,0.7726559,0.1166074
139.2245,11,0.5348454,0.8686174,-0.03714653,0,0,0.1476164,0.8404572,-0.3697037,-0.163577,0.7730806,0.1159205
139.235,11,0.5539749,0.8980413,-0.01878784,0,0,0.1454903,0.836996,-0.3747541,-0.163796,0.7734841,0.1153575
139.2466,11,0.5732371,0.9265425,4.177354E-05,0,0,0.1437343,0.8343682,-0.3777348,-0.1639282,0.7738441,0.1149508
139.2578,11,0.5928004,0.9535946,0.01877639,0,0,0.1424029,0.8318317,-0.3815054,-0.1640004,0.774147,0.114428
139.2688,11,0.6126002,0.9793589,0.03756401,0,0,0.1413822,0.8302913,-0.3805856,-0.1640238,0.7742973,0.1138317
139.28,11,0.63247,1.004154,0.05671996,0,0,0.1402791,0.8277607,-0.3848456,-0.1639414,0.774425,0.1136388
139.2911,11,0.6523343,1.02821,0.07638527,0,0,0.1388404,0.8251208,-0.3849257,-0.1640689,0.7746161,0.113261
139.302,11,0.6721743,1.051489,0.09649564,0,0,0.1377206,0.822872,-0.3858712,-0.1639001,0.7744424,0.1133141
139.3133,11,0.6920434,1.073867,0.1169653,0,0,0.1362906,0.8208145,-0.3874996,-0.1638074,0.7743218,0.113396
139.3246,11,0.7119974,1.095266,0.1378018,0,0,0.1349316,0.8183373,-0.385892,-0.1637508,0.7741846,0.1132885
139.3359,11,0.7320611,1.115679,0.1590974,0,0,0.1332586,0.8159893,-0.3848486,-0.1634123,0.7736992,0.1134883
139.3469,11,0.7522349,1.135132,0.1809619,0,0,0.1318749,0.8140811,-0.3829862,-0.1632055,0.7734461,0.1135639
139.358,11,0.7725003,1.15367,0.20348,0,0,0.1303444,0.8131773,-0.3796701,-0.163028,0.7731842,0.1136301
139.3694,11,0.7928047,1.171362,0.226708,0,0,0.1287075,0.812657,-0.3757192,-0.1628321,0.7729141,0.1137291
139.3808,11,0.8130265,1.188332,0.2506939,0,0,0.1271521,0.8127767,-0.3712462,-0.162704,0.7727361,0.1138024
139.3924,11,0.8329281,1.204767,0.2754828,0,0,0.1252322,0.8129438,-0.3671561,-0.1625472,0.772502,0.1138549
139.403,11,0.8521196,1.220933,0.3011027,0,0,0.1225386,0.8141313,-0.3617237,-0.1623345,0.7723594,0.1138642
139.414,11,0.8699799,1.237139,0.3274476,0,0,0.1198574,0.8145001,-0.3571337,-0.1620711,0.7722968,0.1138936
139.4255,11,0.885731,1.253654,0.3542169,0,0,0.1171021,0.8153969,-0.3525001,-0.1617374,0.7723232,0.1139028
139.4366,11,0.8985825,1.27059,0.3809415,0,0,0.1138402,0.8169708,-0.3474083,-0.1613401,0.7724414,0.1138909
139.4474,11,0.9078943,1.287804,0.4069793,0,0,0.1107284,0.8179469,-0.3426476,-0.1609299,0.7727176,0.1138971
139.4586,11,0.9133861,1.304956,0.4317044,0,0,0.107385,0.819754,-0.3378526,-0.1605166,0.7730945,0.1139159
139.4699,11,0.9151983,1.321558,0.4546803,0,0,0.1036956,0.8220328,-0.3333911,-0.1600523,0.7735002,0.1138829
139.4809,11,0.9137834,1.337134,0.4757476,0,0,0.1000768,0.8240162,-0.3285046,-0.1596517,0.773959,0.1138315
139.4919,11,0.9097354,1.351327,0.4949839,0,0,0.09603679,0.8267965,-0.3234293,-0.1592277,0.7743794,0.1138339
139.5036,11,0.9036897,1.363913,0.5126166,0,0,0.09173465,0.8296473,-0.3178558,-0.1588174,0.7748739,0.1138127
139.5143,11,0.896275,1.374774,0.5289456,0,0,0.08704448,0.8324368,-0.3123554,-0.1583783,0.775399,0.1137818
139.5257,11,0.8880232,1.383875,0.5442628,0,0,0.08247221,0.8352132,-0.3070365,-0.1579527,0.7761245,0.113746
139.5371,11,0.8792992,1.391221,0.5587826,0,0,0.07753491,0.838166,-0.3015333,-0.1574454,0.7768795,0.1136768
139.5479,11,0.8702936,1.396811,0.5726293,0,0,0.07262373,0.8409051,-0.2962588,-0.1568272,0.7779494,0.1135616
139.5589,11,0.8610628,1.400633,0.5858734,0,0,0.06769192,0.8436143,-0.2912337,-0.1562339,0.77906,0.1134487
139.5707,11,0.8515577,1.40265,0.598564,0,0,0.06271791,0.8462801,-0.2861301,-0.1556621,0.7801399,0.1133041
139.5813,11,0.8416441,1.4028,0.6107554,0,0,0.0572964,0.8488575,-0.2812579,-0.1552311,0.7811333,0.1132296
139.5925,11,0.8311332,1.401012,0.6225314,0,0,0.0517261,0.8512175,-0.2766755,-0.1548836,0.7820432,0.1131061
139.604,11,0.8198493,1.397244,0.634027,0,0,0.04594624,0.8536232,-0.2721964,-0.1546627,0.7828941,0.113027
139.6149,11,0.807718,1.39153,0.6454225,0,0,0.04027033,0.8560221,-0.2677991,-0.1544397,0.7836895,0.1129739
139.6261,11,0.7948178,1.383993,0.6569056,0,0,0.03458154,0.8582047,-0.2638129,-0.1541994,0.7844731,0.1128838
139.6377,11,0.7813402,1.374799,0.6686284,0,0,0.02882302,0.8605584,-0.2600313,-0.1540023,0.7853126,0.1127702
139.6483,11,0.7674964,1.364098,0.6806936,0,0,0.0231111,0.8629721,-0.2561339,-0.1538086,0.7861459,0.1125987
139.6594,11,0.7534488,1.351994,0.6931618,0,0,0.01723874,0.8653098,-0.2525492,-0.1536668,0.7869825,0.1124945
139.6713,11,0.7392911,1.338546,0.7060641,0,0,0.01144779,0.8674998,-0.2489612,-0.1535544,0.7877398,0.1123331
139.6817,11,0.7250632,1.323784,0.7194012,0,0,0.005776763,0.8694885,-0.2457272,-0.1534483,0.7884489,0.1121738
139.6929,11,0.7107453,1.307696,0.7331609,0,0,1.80006E-05,0.871302,-0.2427607,-0.1533734,0.7891468,0.1119851
139.7045,11,0.6962903,1.290259,0.7473109,0,0,-0.005932808,0.8728988,-0.2398605,-0.1533016,0.7898977,0.1117517
139.7152,11,0.6816314,1.271441,0.7618067,0,0,-0.01207006,0.8742548,-0.2370729,-0.1532441,0.790619,0.1114782
139.7266,11,0.6666946,1.251204,0.7765952,0,0,-0.01814675,0.875448,-0.2343973,-0.1532932,0.7912911,0.1111991
139.7378,11,0.651397,1.229513,0.791617,0,0,-0.02426434,0.8764474,-0.2316788,-0.1534028,0.7919624,0.1109747
139.7488,11,0.6356444,1.206335,0.8068044,0,0,-0.0304085,0.877318,-0.2287887,-0.1534897,0.7925706,0.110723
139.7601,11,0.6193261,1.181644,0.8220768,0,0,-0.03671777,0.8777181,-0.2257451,-0.1536482,0.7931542,0.1105088
139.771,11,0.6023097,1.155422,0.8373336,0,0,-0.0429225,0.8779385,-0.222899,-0.1537795,0.7937067,0.1102629
139.7823,11,0.5844404,1.127663,0.852444,0,0,-0.04894221,0.8781662,-0.2201926,-0.1539267,0.794215,0.1100285
139.7937,11,0.5655439,1.098377,0.8672388,0,0,-0.0547663,0.8780358,-0.2176248,-0.1540906,0.7947292,0.1098261
139.8045,11,0.5454376,1.067601,0.8815023,0,0,-0.0602994,0.8777043,-0.2151766,-0.1542321,0.7951838,0.1096225
139.816,11,0.5239497,1.035402,0.894972,0,0,-0.0658102,0.87743,-0.2127219,-0.1543957,0.7956101,0.1094319
139.8272,11,0.500938,1.001884,0.9073421,0,0,-0.0711664,0.8767945,-0.2103373,-0.1545681,0.7960956,0.1092399
139.8383,11,0.4763077,0.9671938,0.9182752,0,0,-0.07650363,0.8760971,-0.208104,-0.1548249,0.7965299,0.1090142
139.8493,11,0.4500244,0.9315172,0.9274197,0,0,-0.08177054,0.8750585,-0.2059659,-0.1551047,0.7969678,0.1087511
139.8606,11,0.422119,0.8950793,0.9344345,0,0,-0.08710408,0.8737863,-0.2039353,-0.155424,0.7973451,0.1085407
139.8718,11,0.3926686,0.8581495,0.9389911,0,0,-0.09250343,0.8726312,-0.2018617,-0.1557074,0.7977276,0.1083462
139.8829,11,0.361775,0.8210587,0.9407638,0,0,-0.09759045,0.8712108,-0.1996813,-0.1559002,0.7981348,0.108111
139.8951,11,0.3295532,0.7842303,0.939418,0,0,-0.1025951,0.8695416,-0.1973964,-0.1560128,0.7985011,0.1078919
139.9052,11,0.2961407,0.7482105,0.9346268,0,0,-0.1074293,0.8678985,-0.1950248,-0.1560546,0.7989136,0.1076674
139.9164,11,0.2617148,0.713699,0.9260973,0,0,-0.1121842,0.8662084,-0.1927201,-0.1561043,0.7993165,0.1074551
139.9274,11,0.2265361,0.6815382,0.9136522,0,0,-0.1165178,0.8643644,-0.1905912,-0.1560572,0.7996387,0.1071897
139.9387,11,0.1909673,0.6525964,0.8973354,0,0,-0.1207874,0.8624945,-0.1883496,-0.1560531,0.8000172,0.1069965
139.9499,11,0.1554531,0.6276175,0.8774498,0,0,-0.1249542,0.8604219,-0.186041,-0.156036,0.8003939,0.1067787
139.9614,11,0.1204651,0.6070818,0.8545209,0,0,-0.1291037,0.8582275,-0.1838387,-0.1561483,0.8007624,0.1065292
139.9722,11,0.08642772,0.591156,0.8291938,0,0,-0.1333028,0.8561291,-0.1818216,-0.1563013,0.801117,0.1062737
139.9834,11,0.05365916,0.5797084,0.802154,0,0,-0.1371787,0.8538928,-0.1799537,-0.1564683,0.8014346,0.1060624
139.995,11,0.02232507,0.5723349,0.7740659,0,0,-0.14087,0.8515679,-0.1783702,-0.1566387,0.8016788,0.1059442
140.0057,11,-0.007578785,0.5684282,0.7455072,0,0,-0.1442548,0.8493284,-0.1765264,-0.1567331,0.8018871,0.1057937
140.0169,11,-0.03620079,0.5672669,0.7169259,0,0,-0.147447,0.8470573,-0.1745251,-0.1567637,0.8020699,0.1056538
140.0278,11,-0.06377224,0.5681275,0.6886261,0,0,-0.1506538,0.8447174,-0.1725103,-0.1568591,0.8022975,0.1055094
140.0392,11,-0.09055208,0.5703488,0.6607798,0,0,-0.1535481,0.8421797,-0.1703931,-0.1570047,0.8024439,0.1053177
140.0503,11,-0.1167992,0.5733259,0.6334483,0,0,-0.1565801,0.8397228,-0.1684698,-0.1570806,0.8024648,0.1052325
140.0617,11,-0.1427198,0.576636,0.6066367,0,0,-0.1586016,0.8368155,-0.1668208,-0.1572208,0.8024325,0.105128
140.0727,11,-0.1684088,0.5802456,0.580403,0,0,-0.1606411,0.8340915,-0.1646838,-0.1572506,0.8023111,0.1051674
140.0839,11,-0.193914,0.5844085,0.5549151,0,0,-0.1628754,0.831362,-0.1625288,-0.1572544,0.802207,0.1052017
140.0951,11,-0.2193718,0.5894126,0.5303344,0,0,-0.1645929,0.8282993,-0.1601629,-0.1573132,0.8021195,0.1051544
140.1064,11,-0.2450036,0.5957971,0.5067242,0,0,-0.1660889,0.8253963,-0.1577357,-0.1573909,0.8019634,0.105132
140.1175,11,-0.271006,0.6041273,0.4838836,0,0,-0.1673622,0.8223561,-0.1553377,-0.157526,0.8017302,0.1051669
140.1284,11,-0.2973138,0.6150446,0.461346,0,0,-0.1686485,0.8193936,-0.1531128,-0.1576786,0.801438,0.105262
140.1399,11,-0.3234064,0.6290509,0.4384607,0,0,-0.1693242,0.816461,-0.1508011,-0.1578145,0.8011276,0.1053603
140.1511,11,-0.3483459,0.6462849,0.4146326,0,0,-0.1699892,0.8136482,-0.1489257,-0.1578201,0.80073,0.1055275
140.1625,11,-0.3910323,0.6886738,0.3640232,0,0,-0.1703668,0.8105154,-0.1471932,-0.1578675,0.800311,0.1056247
140.1731,11,-0.3910323,0.6886738,0.3640232,0,0,-0.1707233,0.8078467,-0.1454048,-0.1579159,0.7999009,0.1057535
140.1846,11,-0.4208501,0.7375844,0.3124359,0,0,-0.171244,0.8051285,-0.1435541,-0.1580206,0.7994578,0.1058725
140.1957,11,-0.4306609,0.7632468,0.287541,0,0,-0.1716719,0.8024057,-0.1415941,-0.1581786,0.7991225,0.1060014
140.2067,11,-0.4371839,0.7892669,0.2637883,0,0,-0.1719655,0.7997313,-0.1397334,-0.1583418,0.7985852,0.1061039
140.2182,11,-0.4404975,0.8154223,0.2415292,0,0,-0.1725966,0.7970536,-0.1379453,-0.1584992,0.798001,0.1062316
140.2293,11,-0.4407094,0.8415197,0.2211062,0,0,-0.1728454,0.7943155,-0.1362357,-0.1587268,0.7974333,0.1063325
140.2406,11,-0.4380994,0.8673361,0.2027983,0,0,-0.1730667,0.7917498,-0.1344079,-0.1589558,0.7967411,0.1064681
140.2516,11,-0.433214,0.8925999,0.1866911,0,0,-0.1731843,0.7895539,-0.1329684,-0.1592197,0.79605,0.1066247
140.2626,11,-0.4267517,0.917042,0.172608,0,0,-0.1732508,0.7869889,-0.13143,-0.1595081,0.7953694,0.1067454
140.2739,11,-0.41929,0.9404665,0.1602936,0,0,-0.1731193,0.785044,-0.1301757,-0.1598487,0.7946827,0.1069453
140.2851,11,-0.4113163,0.9627306,0.1493764,0,0,-0.1728431,0.7830228,-0.1286947,-0.1602161,0.7939883,0.1071302
140.2963,11,-0.4031158,0.9837642,0.1396249,0,0,-0.1719056,0.7815251,-0.1273624,-0.1605908,0.7932349,0.107331
140.3074,11,-0.3948799,1.003544,0.1308252,0,0,-0.1710777,0.7801021,-0.1260091,-0.1610062,0.792516,0.1074564
140.3186,11,-0.3867427,1.022061,0.1227571,0,0,-0.1697981,0.7789299,-0.1248182,-0.1613853,0.7918151,0.1075582
140.3295,11,-0.3787237,1.039321,0.1154132,0,0,-0.1686485,0.7779984,-0.1239432,-0.1618675,0.7911443,0.1076236
140.3409,11,-0.3708743,1.055323,0.1086091,0,0,-0.1673099,0.777627,-0.1233103,-0.1623233,0.7905135,0.1076463
140.3526,11,-0.3632087,1.070076,0.1022982,0,0,-0.1661595,0.7772214,-0.122601,-0.1626822,0.78991,0.1077238
140.3632,11,-0.3556836,1.083593,0.09657235,0,0,-0.165423,0.7775601,-0.1226804,-0.1629663,0.7893355,0.1078231
140.3743,11,-0.3482804,1.095866,0.09136471,0,0,-0.1647381,0.7782538,-0.1226848,-0.1632629,0.7887944,0.1078542
140.3854,11,-0.3410078,1.106877,0.08657772,0,0,-0.1638924,0.7785199,-0.1226159,-0.1635016,0.788286,0.1080303
140.3978,11,-0.3338197,1.116594,0.08234619,0,0,-0.163551,0.7792208,-0.1225258,-0.1637612,0.787782,0.1082583
140.4079,11,-0.3266775,1.124969,0.07870475,0,0,-0.1633842,0.7799925,-0.1225177,-0.1640222,0.7872831,0.1084734
140.4193,11,-0.319557,1.131939,0.07562058,0,0,-0.1629827,0.7804018,-0.1223571,-0.1642706,0.7868805,0.1085705
140.4302,11,-0.3124352,1.137425,0.07311064,0,0,-0.1628149,0.780757,-0.1222724,-0.1645556,0.7865234,0.1086956
140.4415,11,-0.3052797,1.141332,0.07123271,0,0,-0.162794,0.7809931,-0.122218,-0.1648063,0.7862114,0.108745
140.4525,11,-0.298058,1.143568,0.06999467,0,0,-0.1628964,0.7810329,-0.1221546,-0.1650332,0.7859055,0.1087698
140.4637,11,-0.2907408,1.144047,0.06935868,0,0,-0.1631,0.7808286,-0.1222488,-0.1651962,0.7856508,0.1087798
140.4751,11,-0.2833129,1.142708,0.06925857,0,0,-0.1632907,0.7807373,-0.1222738,-0.1653276,0.7854164,0.1087779
140.486,11,-0.2757564,1.139515,0.06961441,0,0,-0.1635969,0.7804335,-0.1223509,-0.1654171,0.7852082,0.1087976
140.4972,11,-0.2680194,1.134458,0.070319,0,0,-0.1638763,0.7799978,-0.1225231,-0.1655284,0.7849482,0.1088457
140.5084,11,-0.2600394,1.127556,0.07121371,0,0,-0.1641402,0.7796881,-0.1226295,-0.1656429,0.7847309,0.1089252
140.5194,11,-0.2517737,1.11885,0.07214666,0,0,-0.1641097,0.7793492,-0.1226975,-0.1657187,0.7845119,0.1090112
140.5307,11,-0.2432246,1.108404,0.07298893,0,0,-0.1642078,0.7790474,-0.1229053,-0.1658256,0.784327,0.1091819
140.5419,11,-0.2343721,1.096244,0.07371904,0,0,-0.1642394,0.7787873,-0.1229786,-0.1659068,0.7841093,0.1092788
140.5534,11,-0.2252246,1.08241,0.07431979,0,0,-0.1644495,0.7787499,-0.123113,-0.1659838,0.7839068,0.1093937
140.5645,11,-0.2158223,1.066948,0.07475717,0,0,-0.1644069,0.7786447,-0.1231679,-0.1660826,0.7837821,0.1094425
140.5757,11,-0.2061381,1.049838,0.07514933,0,0,-0.1642359,0.7786477,-0.123072,-0.1660785,0.7836658,0.1095127
140.5867,11,-0.1961402,1.031041,0.07569371,0,0,-0.1642224,0.7786534,-0.1230611,-0.166139,0.7835808,0.1096112
140.5976,11,-0.1858355,1.01052,0.07658014,0,0,-0.1640555,0.7786723,-0.1229757,-0.1661743,0.7835529,0.1096939
140.6088,11,-0.175239,0.9882321,0.07802214,0,0,-0.1638132,0.7787514,-0.1229373,-0.166195,0.7834915,0.1097859
140.621,11,-0.1643845,0.9641683,0.08021068,0,0,-0.163594,0.7787794,-0.122789,-0.166239,0.7834339,0.1098902
140.6311,11,-0.1532989,0.9383611,0.0833519,0,0,-0.1632752,0.778511,-0.1228306,-0.166272,0.7833247,0.1099572
140.642,11,-0.1420037,0.9108973,0.08771013,0,0,-0.162989,0.7786052,-0.1227791,-0.1663457,0.783265,0.110064
140.6534,11,-0.1305529,0.8819354,0.09355628,0,0,-0.1629643,0.7786386,-0.1227399,-0.1664193,0.7832354,0.1101694
140.6644,11,-0.1190358,0.8516958,0.101121,0,0,-0.1628605,0.7787033,-0.1225256,-0.166505,0.7832221,0.1102362
140.6754,11,-0.1075667,0.8204861,0.1106118,0,0,-0.1627326,0.7786653,-0.1224711,-0.1665432,0.7831929,0.110322
140.6866,11,-0.09623904,0.7886621,0.1222397,0,0,-0.1626564,0.7786173,-0.1224213,-0.1665836,0.7831909,0.1103967
140.6978,11,-0.08513667,0.7566859,0.136286,0,0,-0.1625774,0.7784507,-0.1222821,-0.1666226,0.7832166,0.1104666
140.7088,11,-0.07445839,0.725843,0.1527305,0,0,-0.162544,0.7783765,-0.1222318,-0.1666755,0.7832385,0.1105559
140.7203,11,-0.06415524,0.6967074,0.1719566,0,0,-0.1625335,0.7782943,-0.1222012,-0.1667216,0.7832873,0.1106245
140.7312,11,-0.05412828,0.6694536,0.1940929,0,0,-0.162585,0.7782495,-0.1221495,-0.1667461,0.7834306,0.1107012
140.7427,11,-0.0442261,0.6449924,0.2191423,0,0,-0.1626123,0.7782259,-0.1221815,-0.1667209,0.7835043,0.1107352
140.7537,11,-0.03430911,0.6239156,0.2467169,0,0,-0.1626182,0.7780906,-0.1222566,-0.1666629,0.7836059,0.1107559
140.765,11,-0.02429786,0.6063254,0.2762276,0,0,-0.1626784,0.7780466,-0.1222407,-0.1666523,0.7837182,0.1107994
140.776,11,-0.01414812,0.5920588,0.3071154,0,0,-0.1627802,0.7780185,-0.1222876,-0.1666278,0.7838352,0.1108335
140.7876,11,-0.003842543,0.5807244,0.3389339,0,0,-0.1628506,0.7779235,-0.1224083,-0.1666227,0.7839866,0.1108764
140.7982,11,0.006596842,0.5715301,0.3713321,0,0,-0.1629609,0.7778943,-0.1224724,-0.1666218,0.7841535,0.1109215
140.8094,11,0.01713985,0.5641748,0.4041952,0,0,-0.163063,0.7778682,-0.1225276,-0.1665697,0.7843089,0.1109356
140.8219,11,0.02774095,0.5586309,0.437635,0,0,-0.163184,0.7778209,-0.1225954,-0.1665507,0.7844546,0.1109691
171.8047,12,0.2452171,0.8109214,-0.1485853,0,0,0.02549887,0.8467644,-0.1947706,-0.185039,0.759881,0.1295611
171.8161,12,0.2436653,0.8080068,-0.1464548,0,0,0.02478528,0.8469081,-0.1946776,-0.1849916,0.7600303,0.1295275
171.8277,12,0.2415851,0.8039352,-0.1437087,0,0,0.02410555,0.8472754,-0.1947204,-0.1849865,0.7601733,0.1295195
171.8386,12,0.2390292,0.7988684,-0.1402658,0,0,0.02350175,0.8475099,-0.194613,-0.1849574,0.7603062,0.1294835
171.8495,12,0.2360956,0.7929699,-0.1360984,0,0,0.02293277,0.8475095,-0.1943181,-0.1849661,0.7604392,0.1294384
171.861,12,0.2328769,0.7863589,-0.1312278,0,0,0.02249563,0.8474125,-0.1940916,-0.1849699,0.7605844,0.129415
171.8719,12,0.2294375,0.779106,-0.1256984,0,0,0.02210748,0.847572,-0.1939324,-0.1849537,0.7606995,0.1294068
171.883,12,0.2258109,0.7712507,-0.1195502,0,0,0.02150667,0.8475999,-0.1936361,-0.1849166,0.7608473,0.1293951
171.8943,12,0.2220008,0.7628343,-0.112791,0,0,0.02071512,0.8476731,-0.1934441,-0.1848684,0.7609285,0.129352
171.9057,12,0.2179862,0.7539319,-0.1053827,0,0,0.01988578,0.8479333,-0.1933185,-0.1848448,0.7610521,0.1293188
171.9166,12,0.2137309,0.7446621,-0.09725419,0,0,0.01906133,0.8481241,-0.1930603,-0.1848579,0.7612054,0.1293
171.9278,12,0.209197,0.7351747,-0.08832821,0,0,0.01808023,0.8483636,-0.1928073,-0.1847945,0.7613689,0.1292621
171.9389,12,0.2043547,0.7256301,-0.07854732,0,0,0.01724303,0.8486,-0.1925939,-0.1847772,0.7615182,0.1292302
171.9508,12,0.1991859,0.7161862,-0.0678853,0,0,0.01633382,0.8487886,-0.1923567,-0.1847057,0.7616674,0.1291757
171.9616,12,0.1936814,0.7069933,-0.05634683,0,0,0.015535,0.8488472,-0.1921779,-0.184691,0.761776,0.1291332
171.9724,12,0.1878366,0.6981862,-0.04396632,0,0,0.01470351,0.8489107,-0.1919166,-0.184655,0.7619292,0.1291045
171.9837,12,0.1816496,0.6898609,-0.03081135,0,0,0.01388431,0.8490639,-0.1916873,-0.1846187,0.7620562,0.1290694
171.9951,12,0.1751227,0.6820425,-0.01698359,0,0,0.01302886,0.8492076,-0.1914611,-0.1845416,0.762235,0.1290299
172.0057,12,0.1682659,0.6746661,-0.002608991,0,0,0.01212513,0.8494577,-0.1911972,-0.1844964,0.7623892,0.1289909
172.0172,12,0.1610986,0.6675892,0.0121821,0,0,0.01116526,0.8496543,-0.190951,-0.1844306,0.762561,0.1289399
172.031,12,0.1459498,0.6536291,0.04258687,0,0,0.01017118,0.8498583,-0.19077,-0.1843729,0.76274,0.1288952
172.0395,12,0.1459498,0.6536291,0.04258687,0,0,0.009143949,0.8500874,-0.1906139,-0.1843036,0.7629366,0.1288357
172.0506,12,0.1380347,0.6464614,0.05806423,0,0,0.008095026,0.8502839,-0.1904528,-0.1842801,0.7631693,0.1287925
172.063,12,0.1216959,0.6314995,0.08946005,0,0,0.007008433,0.8503642,-0.1903225,-0.1842618,0.7633803,0.1287463
172.0729,12,0.1216959,0.6314995,0.08946005,0,0,0.005941868,0.8506091,-0.1901623,-0.1841999,0.7636583,0.1286966
172.0854,12,0.104955,0.6160342,0.1215564,0,0,0.004679918,0.8507198,-0.1898228,-0.1841118,0.7639252,0.128629
172.0952,12,0.104955,0.6160342,0.1215564,0,0,0.00331831,0.8507631,-0.1893712,-0.1840103,0.7642428,0.1285636
172.1068,12,0.08822662,0.6007102,0.1546078,0,0,0.001924038,0.8508645,-0.1889381,-0.1838542,0.7645227,0.1284674
172.1184,12,0.07999192,0.593218,0.171556,0,0,0.000571847,0.8509606,-0.1884578,-0.1837223,0.7648139,0.1283914
172.1288,12,0.07999192,0.593218,0.171556,0,0,-0.0008277893,0.8510978,-0.1879517,-0.1836174,0.765117,0.128334
172.1397,12,0.07188582,0.5858475,0.1887988,0,0,-0.00226748,0.8512069,-0.1874954,-0.1835056,0.7654253,0.1282722
172.1511,12,0.06391812,0.5786034,0.2063329,0,0,-0.003672719,0.8513138,-0.1869439,-0.1833552,0.7657573,0.1281934
172.1625,12,0.04835317,0.564671,0.2422353,0,0,-0.005069256,0.851355,-0.1865147,-0.1831573,0.7660918,0.1280978
172.1734,12,0.04069588,0.5581555,0.2605725,0,0,-0.006458044,0.8514901,-0.1859881,-0.1829844,0.7664673,0.1280097
172.1846,12,0.03306145,0.5520883,0.279139,0,0,-0.00792563,0.851585,-0.1854628,-0.1828622,0.7668432,0.1279452
172.1958,12,0.02539527,0.5465849,0.2979111,0,0,-0.009437323,0.8515579,-0.1849213,-0.1826915,0.7671751,0.1278443
172.2069,12,0.01764242,0.5417462,0.3168653,0,0,-0.01112998,0.8515795,-0.1842887,-0.1825138,0.7674959,0.1277494
172.218,12,0.009753847,0.5376555,0.3359814,0,0,-0.0127238,0.8516674,-0.1836814,-0.1823527,0.7677909,0.1276403
172.2294,12,0.001692327,0.5343594,0.3552421,0,0,-0.01423717,0.8515358,-0.1833068,-0.1821367,0.7680207,0.1274982
172.2405,12,-0.006564993,0.5318874,0.3746333,0,0,-0.01565611,0.8518448,-0.1827694,-0.1820235,0.7683107,0.1274259
172.2517,12,-0.01502579,0.5302615,0.3941412,0,0,-0.01731014,0.851953,-0.1821913,-0.1818673,0.7685589,0.1273344
172.2628,12,-0.02368278,0.5295014,0.4137498,0,0,-0.01891851,0.8520695,-0.1814854,-0.1817588,0.7688006,0.1272432
